상호	지점명	주소	폐업일자	판정	근거(날짜 포함 1문장)
쇼부라멘 서소문점		서울특별시 중구 서소문로 95, 지하1층 (서소문동)	2026-09-22	영업 흔적 있음	2026-10-05 Daum 플레이스 "영업중"(월~금 08:00~20:00, 주말 휴무, 02-772-9477) 표기 + 점심 라멘 후기 포스팅 다수(날짜 미표시) — 폐업일 2주 후에도 영업 표기라 명의변경 가능성
멘쇼우라멘 상암DMC점		서울특별시 마포구 월드컵북로54길 17, 사보이시티디엠씨 지하1층 B113호 (상암동)	2026-09-15	영업 흔적 있음	2026-10-05 Daum 플레이스 "영업중"(11:00~20:30, 토 휴무, 010-6365-1848, 사보이시티 지하1층) 표기 + 상암DMC 후기 포스팅 다수(날짜 미표시) — 폐업일 3주 후에도 영업 표기
멘야카오리	동탄점	경기도 화성시 동탄구 동탄공원로3길 10-7	2022-10-24	흔적 없음	2026-10-05 Daum 2회 조회 모두 플레이스 카드 없음, 마제소바 후기 포스팅은 있으나 날짜·영업상태 미표시(최근 영업 흔적 없음)
히노아지		경기도 안산시 단원구 광덕대로 194	2022-09-23	흔적 없음	2026-10-05 Daum 플레이스 카드 없음, "데드풀 보기 전 점심" 등 구작 포스팅만 보이고 날짜·영업상태 미표시(최근 영업 흔적 없음)
히노아지		경기도 화성시 병점구 경기대로 985	2026-07-28	영업 흔적 있음	2026-10-05 Daum 플레이스 "영업중"(월~일 10:30~22:00, 경기대로 985 1층 푸드코트, hinoaji.co.kr) 표기 — 폐업일 2개월 후에도 영업 표기라 재인허가 가능성
코이라멘안산	중앙점	경기도 안산시 단원구 예술대학로 11	2022-11-16	흔적 없음	2026-10-05 Daum 플레이스 카드 없음, "안산중앙점 오픈" 등 포스팅만 보이고 날짜·영업상태 미표시(최근 영업 흔적 없음)
멘야고코로		경기도 수원시 영통구 월드컵로179번길 16	2026-08-13	영업 흔적 있음	2026-10-05 Daum 플레이스 "영업중"(월드컵로179번길 16 1층, 평점 4.0·리뷰 114개, 010-9190-1259) 표기 + 팔달구 아주로39번길 8 2호점 카드 동시 노출 — 폐업일 이후에도 영업 표기
097라멘		경기도 시흥시 서울대학로264번길 35	2026-01-02	흔적 없음	2026-10-05 Daum 2회 조회 모두 플레이스 카드 없음, 아브뉴프랑 후기 포스팅은 있으나 날짜·영업상태 미표시(최근 영업 흔적 없음)
우시라멘		경기도 의정부시 시민로 39	2026-09-28	흔적 없음	2026-10-05 Daum 플레이스 카드 없음, "신상" 후기 포스팅만 보이고 날짜·영업상태 미표시(최근 영업 흔적 없음)
쇼부라멘광주문형점		경기도 광주시 오포로 430-1	2025-03-24	흔적 없음	2026-10-05 Daum 2회 조회 — 플레이스 카드(오포로 430-1 1층, 리뷰 2개)는 있으나 영업상태 미표시, 포스팅 2건 날짜 없음(최근 영업 흔적 없음)
미가라멘배곧점		경기도 시흥시 서울대학로264번길 25	2020-03-11	흔적 없음	2026-10-05 Daum 플레이스 카드 없음, 배곧 라멘 포스팅은 날짜·영업상태 미표시(최근 영업 흔적 없음)
코이라멘	흥덕점	경기도 용인시 기흥구 흥덕2로75번길 8	2026-07-23	흔적 없음	2026-10-05 Daum 플레이스 카드 없음, "새로 생긴 흥덕 라멘" 등 포스팅 날짜·영업상태 미표시(최근 영업 흔적 없음), 오송점 노출
라멘더쿠푸드		경기도 용인시 처인구 포곡읍 포곡로 136	2026-04-09	흔적 없음	2026-10-05 Daum 플레이스 카드 없음, 포곡 둔전 후기 포스팅 1~2건 날짜 미표시(최근 영업 흔적 없음)
도쿄라멘만정점		경기도 안성시 공도읍 공도4로 11	2026-08-11	흔적 없음	2026-10-05 Daum 플레이스 카드(리뷰 1개)에 영업상태 미표시, 포스팅 최신 날짜 2022-05-27(최근 영업 흔적 없음)
993라멘		경기도 양주시 옥정동로7다길 94	2024-07-29	흔적 없음	2026-10-05 Daum 플레이스 카드 없음, 돈코츠 후기 포스팅 날짜·영업상태 미표시(최근 영업 흔적 없음)
미스터라멘		경기도 파주시 가람로116번길 107	2025-05-30	흔적 없음	2026-10-05 Daum 플레이스 "검색되는 장소가 없습니다", 타 상호(미스타교자 일산식사점)만 노출(해당 주소 흔적 없음)
히노아지	양산점	경상남도 양산시 물금읍 증산역로 149	2022-09-15	이전 확인	2026-10-05 Daum 플레이스에 "히노아지 사송점" 양산시 동면 삼송로 147-5(055-383-0921, 화~일 11:00~20:00) 영업중 — 증산역 매장 카드 없음, 사송점이 이전인지 별도 지점인지는 미확정
히고토라멘		경상북도 칠곡군 왜관읍 평장길 29	2026-08-25	흔적 없음	2026-10-05 Daum 플레이스 카드 없음, 왜관 후기 포스팅 3건 날짜·영업상태 미표시(최근 영업 흔적 없음)
혼다라멘	영남대점	경상북도 경산시 대학로 299	2022-09-16	흔적 없음	2026-10-05 Daum 플레이스 카드 없음, 영남대 포스팅 날짜·영업상태 미표시(최근 영업 흔적 없음)
잇또라멘구미	확장단지점	경상북도 구미시 산동읍 신당1로2길 10	2022-11-25	흔적 없음	2026-10-05 Daum 플레이스 카드 없음, 확장단지점 후기 포스팅 다수 날짜·영업상태 미표시(최근 영업 흔적 없음)
혼다라멘		경상북도 울진군 울진읍 읍내7길 11	2026-07-16	흔적 없음	2026-10-05 Daum 플레이스 카드 없음, "울진에도 드디어 라멘집" 포스팅 날짜·영업상태 미표시(최근 영업 흔적 없음)
미스터라멘		경상북도 경주시 천북남로 16	2022-09-20	흔적 없음	2026-10-05 Daum 플레이스 카드 없음, 루지월드점 메뉴 포스팅 날짜·영업상태 미표시(최근 영업 흔적 없음)
류센소B	IFC점	부산광역시 남구 문현금융로 40	2023-05-08	흔적 없음	2026-10-05 Daum 2회 조회 모두 BIFC점 플레이스 카드 없음, 전포동점(서전로58번길 116-1)만 영업중 노출, BIFC 포스팅 날짜 미표시
카와루라멘		부산광역시 해운대구 재반로196번길 14-14	2024-10-29	흔적 없음	2026-10-05 Daum 플레이스 카드 없음, 해운대 라멘 포스팅 날짜·영업상태 미표시(최근 영업 흔적 없음)
치치부라멘		부산광역시 해운대구 마린시티3로 46	2023-11-22	흔적 없음	2026-10-05 Daum 플레이스 카드 없음, 최신 근거가 2016-04-22 조선일보 기사(최근 영업 흔적 없음)
이찌방라멘&카츠카레관악	봉천점	서울특별시 관악구 관악로 211	2022-11-28	흔적 없음	2026-10-05 Daum에 봉천점 카드 없음, 대방점(동작구 여의대방로24길 133)만 영업중 노출(해당 주소 흔적 없음)
미가라멘	대학로점	서울특별시 종로구 대학로14길 18-2	2022-11-22	흔적 없음	2026-10-05 Daum 플레이스 카드 없음, 대학로 라멘 포스팅 날짜·영업상태 미표시(최근 영업 흔적 없음)
모리라멘&돈카츠		서울특별시 관악구 남부순환로 2068	2021-06-15	흔적 없음	2026-10-05 Daum 플레이스 카드 없음, 사당 돈까스 포스팅 날짜·영업상태 미표시(최근 영업 흔적 없음)
미친라멘		서울특별시 강남구 언주로85길 32	2023-06-15	흔적 없음	2026-10-05 Daum 2회 조회(역삼·강남) 모두 해당 상호 카드·포스팅 없음, 타 매장(멘노아지)만 노출
정라멘		서울특별시 송파구 삼전로12길 7	2022-11-29	흔적 없음	2026-10-05 Daum 플레이스 카드 없음, 최신 날짜 근거 2022-09-21 트래비 기사(최근 영업 흔적 없음)
초이라멘		서울특별시 종로구 창신5길 14	2022-10-05	이전 확인	2026-10-05 Daum 플레이스 "초이라멘" 종로구 율곡로 290-2 1층(종로6가 83) 영업중(11:00~21:00, 02-766-7666, 리뷰 135개) — 창신5길 카드 없음, 새 주소로 이전 추정
여러시멘야카오리	문정점	서울특별시 송파구 법원로 114	2021-03-25	흔적 없음	2026-10-05 Daum 플레이스 카드 없음, 문정 마제소바 포스팅 날짜·영업상태 미표시(최근 영업 흔적 없음)
잇또라멘세종	어진점	세종특별자치시 세종특별자치시 갈매로 351	2025-08-25	흔적 없음	2026-10-05 Daum 플레이스 카드 없음, "3,900원" 라멘 포스팅 날짜·영업상태 미표시(최근 영업 흔적 없음)
라멘집입니다	호계점	울산광역시 북구 동대8길 14	2025-11-10	흔적 없음	2026-10-05 Daum 플레이스 카드 없음, 호계 라멘 포스팅 날짜·영업상태 미표시(최근 영업 흔적 없음)
호랭이라멘		인천광역시 남동구 남동대로799번길 34	2026-07-13	이전 확인	2026-10-05 Daum 플레이스 "호랭이라멘" 남동대로799번길 8 신영구월지웰시티푸르지오 C동 지하1층 003호 영업중(월~토 08:00~22:50, 일 휴무) — 799번길 34 카드 없음, 같은 길 내 이전 추정
타무라멘		제주특별자치도 서귀포시 안덕면 화순로 67	2025-08-22	이전 확인	2026-10-05 Daum 플레이스 "타무라멘" 안덕면 사계남로 155-1 영업중(화~일 11:00~21:00, 0503-7151-4226) — 화순로 67 카드 없음, 안덕면 내 이전 추정
천지라멘		전남광주통합특별시 해남군 해남읍 남부순환로 9-4	2025-12-03	흔적 없음	2026-10-05 Daum 플레이스 영업상태 미표시, 최신 근거 2024-07-16 연합뉴스 해남군 혼밥식당 선정 기사(폐업일 이후 영업 흔적 없음)
멘야산		대구광역시 중구 중앙대로 406-5, 1층 (남일동)	2026-02-25	흔적 없음	2026-10-05 Daum 플레이스 카드(일본식라면)에 영업상태 미표시, 동성로 포스팅 날짜 미표시(최근 영업 흔적 없음)
라멘센타		경상남도 창원시 성산구 용지로 96, 하이페르 1동 113호 (중앙동)	2026-09-29	영업 흔적 있음	2026-10-05 Daum 플레이스 "영업중"(월~금 11:30~21:00·토일 11:30~17:00, 하이페르 1동 113호) 표기 — 폐업일 1주 후에도 영업 표기, 관리번호 2026 신규라 명의변경 가능성
큐슈울트라아멘		서울특별시 동작구 노들로2길 7, 노량진 드림스퀘어 복합빌딩 C동 1층 114호 (노량진동)	2026-09-17	흔적 없음	2026-10-05 Daum 플레이스 등록(노들로2길 7)만 있고 영업상태·리뷰·포스팅 전부 없음(영업 흔적 없음)
후타츠		서울특별시 마포구 와우산로15길 28, 1층 (서교동)	2026-06-30	흔적 없음	2026-10-05 Daum 플레이스 카드 없음, "후타츠 홍대점" 마제소바 포스팅 날짜·영업상태 미표시(최근 영업 흔적 없음)
시오도메		경기도 시흥시 서울대학로278번길 43-13	2022-05-17	흔적 없음	2026-10-05 Daum 플레이스 카드 없음, 최신 날짜 근거 2018-10-30 한국경제TV 사업설명회 기사(최근 영업 흔적 없음)
마카나이회룡역점		경기도 의정부시 외미로 94	2026-08-04	이전 확인	2026-10-05 Daum 플레이스 "마카나이 회룡역점" 의정부시 평화로536번길 5 1층(의정부동 196-28) 영업중(11:30~21:00) — 외미로 94 카드 없음, 새 주소로 이전 추정
아사라식당		대구광역시 동구 안심로22길 60-11	2023-12-13	흔적 없음	2026-10-05 Daum 율하 매장 카드 없음, 수성구(황금동·두산동) "아사라식당 수성점" 포스팅만 노출되고 날짜 미표시(해당 주소 흔적 없음)
토리시오		서울특별시 강남구 논현로30길 43	2022-10-26	흔적 없음	2026-10-05 Daum 플레이스 카드 없음(타 매장 멘지 신사점 노출), 매봉 토리시오 포스팅 날짜·영업상태 미표시(최근 영업 흔적 없음)
스스루		서울특별시 서초구 서초대로54길 11	2022-11-30	흔적 없음	2026-10-05 Daum 플레이스 카드 없음, 최신 날짜 근거 2014-11-05 시티라이프·2013-08-07 조선일보 기사(최근 영업 흔적 없음)
라멘트럭		서울특별시 마포구 와우산로7길 6	2022-10-17	이전 확인	2026-10-05 Daum 플레이스 "라멘트럭" 마포구 독막로14길 31 1층(상수동 324-10) 영업중(11:00~21:30 연중무휴, 02-336-8456) + 2022-05-07 한겨레 상수동 소개 — 와우산로7길 카드 없음
메노키오		서울특별시 강서구 공항대로 261	2022-10-13	흔적 없음	2026-10-05 Daum 플레이스 카드 없음, 발산역 메노키오 포스팅 다수 날짜·영업상태 미표시(최근 영업 흔적 없음)
후타츠구로	본점	서울특별시 구로구 디지털로 306	2026-08-13	영업 흔적 있음	2026-10-05 Daum 플레이스 "영업중"(디지털로 306 대륭포스트타워2차 1층 109-1호, 포스팅 16개) 표기 — 폐업일 이후에도 영업 표기, 관리번호 2026 신규라 명의변경 가능성
