날짜	사건	가게명	위치(글에 적힌 대로)	근거(한 문장)	글URL
2026-10-05	오픈	후쿠이(유니드라멘 2호점)	유니드라멘(군자)에서 167m	본문 "그렇다고 함 유니드라멘 2호점임" — 10-03 글 "유니드 2호점 10월 5일 오픈 / 유니드에서 167m 거리"와 동일 매장	https://gall.dcinside.com/mini/board/view/?id=goodramen&no=123085
2026-10-03	오픈예정	유니드라멘 2호점	유니드에서 167m 거리	[영업정보] 제목 "유니드 2호점 10월 5일 오픈", 본문 "무슨 라멘인지는 아직 불명 토리파이탄 탄탄멘은 아니고"	https://gall.dcinside.com/mini/board/view/?id=goodramen&no=122790
2026-10-02	이전	멘야준 1호점	홍대(현 1호점) → 미상	제목 "멘야준 1호점 이전하네", 본문 "1호점 장소에 대한 추억이 많은데 이전하면 아쉬운데"(이전 목적지 미기재)	https://gall.dcinside.com/mini/board/view/?id=goodramen&no=122658
2026-10-01	휴업	부타노맥스(부맥)	미상(09-30 글에 '강남구청역' 언급)	[영업정보] 제목 "부맥 5일까지 휴무" — 본문 미확인(단기 휴무)	https://gall.dcinside.com/mini/board/view/?id=goodramen&no=122556
2026-09-30	폐업	시시오	미상	제목 "시시오 폐업이구나", 본문 "되게 간결한 인스타글이네"; 같은 날 "지금 폐업했다는 시시오가 여기라며"(no=122424), "시시오 왜 벌써 폐업하노"(no=122437)	https://gall.dcinside.com/mini/board/view/?id=goodramen&no=122417
2026-09-29	폐업	부탄츄 대학로점	대학로	제목 "부탄츄는 대학로점 다시 오픈한다더니", 본문 "걍 사라졌네"	https://gall.dcinside.com/mini/board/view/?id=goodramen&no=122154
2026-09-29	오픈	소요(라멘소요) 가오픈	미상 — "안양에서 류지, 멘야킨토 하던 사장님"	[영업정보] "신규 업장 정보 (시오/토리파이탄)" 본문 "안양에서 류지, 멘야킨토 하던 사장님 가게이름은 소요"(no=121950); 09-28 "내일 라멘소요 가오픈 감?"(no=122111); 09-29 후기 "소요 가오픈 연식 후기 — 시오라멘 11,000 / 토리파이탄 12,000"	https://gall.dcinside.com/mini/board/view/?id=goodramen&no=122248
2026-09-29	리뉴얼	멘카이도	미상(글에 미기재)	제목 "멘카이도 리뉴얼타래" — 본문 미확인(메뉴·스프 리뉴얼 맥락)	https://gall.dcinside.com/mini/board/view/?id=goodramen&no=122265
2026-09-23	오픈예정	요시무라 아사히야	미상	본문 "아직 가게로서 오픈안했고 이름만 지음 … 요시무라야와의 관계가 증명된게 하나도 없음"; 09-24 글 "본가 타이틀 달고 오픈하는 아사히야"(no=121556); 09-02 "아사히야 오픈 날짜 나옴?"(no=118004)	https://gall.dcinside.com/mini/board/view/?id=goodramen&no=121437
2026-09-22	리뉴얼	아츠마리준	미상(글에 미기재)	제목 "아츠마리 준 리뉴얼 공지(니보시 츠케멘)" — 본문은 이미지만(메뉴 리뉴얼 공지)	https://gall.dcinside.com/mini/board/view/?id=goodramen&no=121270
2026-09-21	오픈예정	미라이켄(지유켄 2호점)	서울역 근처	[영업정보] 본문 "지유켄 2호점 미라이켄 10월 서울역 근처 오픈 예정 / 라멘전문점은 아니고 지유켄 니시카사이처럼 일본식 마치츄카 가게"	https://gall.dcinside.com/mini/board/view/?id=goodramen&no=121236
2026-09-20	폐업	오지 편한식당	미상	제목 "오지 편한식당 영업종료 ㅠ", 본문 "고등어라멘 고등어초밥 잘먹었습니다"	https://gall.dcinside.com/mini/board/view/?id=goodramen&no=120963
2026-09-17	오픈	라멘토네이도	망원	[영업정보] 제목 "라멘토네이도 가격 낼오픈"(본문 미확인); 09-17 "라멘토네이도 내일 오픈이네"(no=120572); 08-30 "망원 신규업장 라멘 토네이도 미소라멘집이네"(no=117614)	https://gall.dcinside.com/mini/board/view/?id=goodramen&no=120639
2026-09-14	오픈예정	니보시츄도쿠	연남동	제목 "연남동 니보시츄도쿠 10월 오픈예정" — 본문 미확인	https://gall.dcinside.com/mini/board/view/?id=goodramen&no=120206
2026-09-13	오픈	멘탄 강남점	강남	제목 "멘탄 강남점 오픈" — 본문 미확인	https://gall.dcinside.com/mini/board/view/?id=goodramen&no=119943
2026-09-10	오픈	멘야윤	미상(글에 미기재)	[영업정보] 제목 "멘야윤 내일 오픈이래"(본문 미확인); 09-22 "멘야윤 다녀옴"(no=121311)	https://gall.dcinside.com/mini/board/view/?id=goodramen&no=119370
2026-09-10	리뉴얼	테우치멘이토	미상(글에 미기재)	[영업정보] 제목 "테우치멘이토 메뉴 리뉴얼" — 본문 미확인(메뉴 리뉴얼)	https://gall.dcinside.com/mini/board/view/?id=goodramen&no=119463
2026-09-08	폐업	쿠지라멘	미상(글에 미기재)	제목 "쿠지라멘 영업종료라는데" — 본문 미확인; 같은 기간 '쿠지라'(09-04 세아부라 후기 no=118416)·'쿠지라스토랑'(09-15 no=120355) 글은 별도로 존재해 동명 확인 필요	https://gall.dcinside.com/mini/board/view/?id=goodramen&no=119011
2026-09-03	오픈	라멘 마코토야(규파이탄)	강남(강남역)	[영업정보] 제목 "라멘마코토야 규파이탄 9/4(금) 신상오픈"; 09-04 "오늘 오픈한 강남 마코토야 후기다"(no=118492); 09-30 "강남 신생 라멘집 마코토야 오픈 규파이탄 / 볶음밥도 파네"(no=122295); 08-15 "마코토야 9월 오픈하네"(no=115301)	https://gall.dcinside.com/mini/board/view/?id=goodramen&no=118149
2026-09-02	폐업	홈메이드 라멘 아오무기	미상	[영업정보] 제목 "홈메이드 라멘 아오무기 폐업" — 본문 미확인	https://gall.dcinside.com/mini/board/view/?id=goodramen&no=117952
2026-08-21	오픈예정	유기라멘	안양(09-06 글 "유기라멘 오픈하면 안양 사황이냐")	제목 "[속보] 유기라멘 오픈일 공개"(본문 미확인); 08-28 "유기라멘 워차피 곧 오픈이니깐 위치 까발린다"(no=117357); 09-28 "유기는 한창 빨아줄때 오픈안하노"(no=122088, 10-05 시점 미오픈)	https://gall.dcinside.com/mini/board/view/?id=goodramen&no=116395
2026-08-18	폐업	멘야코이시	미상	제목 "코이시 폐업이후 진세이 언급량이 절반이상줄었네"(본문 미확인); 09-09 "멘야코이시 여기는 이제 영업 안함?"(no=119235); 10-04 "코이시 사장님 언젠가 오픈할라나?"(no=123028)	https://gall.dcinside.com/mini/board/view/?id=goodramen&no=115975
2026-08-13	폐업	멘지(지점 미상)	미상	제목 "멘지 문닫았네" — 본문 미확인, 지점 특정 불가	https://gall.dcinside.com/mini/board/view/?id=goodramen&no=114949
2026-08-11	오픈	라멘 키레이	망원	08-10 "망원 라멘 키레이 8월 12일 오픈"(no=114478); 08-11 "키레이 내일 오픈"(본문 미확인); 08-12 "키레이 후기"(no=114727)	https://gall.dcinside.com/mini/board/view/?id=goodramen&no=114612
2026-08-11	오픈	마치다쇼텐 신용산점	신용산	제목 "마치다쇼텐 신용산점도 언제 오픈했다냐" — 본문 미확인(오픈일 미상); 08-07 "오 마치다쇼텐 이에케 ㄱㅊ네"(no=114038)	https://gall.dcinside.com/mini/board/view/?id=goodramen&no=114491
2026-08-11	리뉴얼	하쿠텐	미상(글에 미기재)	제목 "하쿠텐 리뉴얼하고 맛 어떰?"(본문 미확인); 08-18 "하쿠텐 리뉴얼하고 맛 어떻게 바뀌었나요"(no=115860); 09-11 "하쿠텐 리뉴얼되고 처음 가봤는데"(no=119480)	https://gall.dcinside.com/mini/board/view/?id=goodramen&no=114549
2026-08-10	오픈예정	소바준 2호점	미상	제목 "소바준 2호점 공지" — 본문 미확인(사건 유형은 제목상 2호점 공지로만 확인)	https://gall.dcinside.com/mini/board/view/?id=goodramen&no=114403
2026-08-07	폐업	가솔린앤로지스 일산	일산	제목 "일산 가솔린앤로지스 폐업" — 본문 미확인	https://gall.dcinside.com/mini/board/view/?id=goodramen&no=113926
