신규상호	신규주소	기존상호	기존지점	기존주소
초이라멘	서울특별시 종로구 새문안로5길 13, 지하1층 제35호 (당주동)	초이라멘		서울특별시 종로구 창신5길 14
초이라멘	서울특별시 종로구 새문안로5길 13, 지하1층 제35호 (당주동)	초이라멘		서울특별시 종로구 세종대로23길 54
우시라멘	서울특별시 강북구 한천로139나길 23, 수빌딩 1층 (수유동)	우시라멘		경기도 의정부시 시민로 39
교레츠라멘	인천광역시 미추홀구 경인로 382, 1층 2호 (주안동)	교레츠라멘신포		인천광역시 제물포구 신포로35번길 13
환장라멘	울산광역시 북구 송정17길 3, 지상1층 102호 (송정동)	환장라멘		울산광역시 북구 박상진3로 25
멘야고코로	경기도 수원시 팔달구 아주로39번길 8, 초원빌딩 1층 (우만동)	멘야고코로		경기도 수원시 영통구 월드컵로179번길 16
신센라멘 원종점	경기도 부천시 오정구 소사로 694, 성진프라자 2층 203호 (원종동)	센라멘		경상남도 진주시 진주대로908번길 6
초이라멘	강원특별자치도 원주시 건강로 21-1, 1층 107호 (반곡동)	초이라멘		서울특별시 종로구 창신5길 14
초이라멘	강원특별자치도 원주시 건강로 21-1, 1층 107호 (반곡동)	초이라멘		서울특별시 종로구 세종대로23길 54
마시타라멘	충청남도 홍성군 홍북읍 의향로 283, 골든타워 1층 107, 108호	마시타라멘		충청남도 홍성군 홍북읍 청사로174번길 25
마시타라멘	충청남도 홍성군 홍북읍 의향로 283, 골든타워 1층 107, 108호	마시타		강원특별자치도 강릉시 정원로 54
노조미라멘본점	전북특별자치도 군산시 삼학동 261-24	노조미라멘	본점	전북특별자치도 군산시 효자길 31-1
