상호	지점명	주소
오빠라멘		서울특별시 용산구 보광로 124, 1층 (이태원동)
따띠라멘		서울특별시 광진구 천호대로121길 22, 1층 (중곡동)
도쿄라멘3900		서울특별시 동작구 상도로67길 31, 1층 (상도동)
코이라멘 서초점		서울특별시 서초구 효령로72길 57, E-B103호 (서초동)
하코야		강원특별자치도 평창군 대관령면 올림픽로 715
본미라멘		강원특별자치도 화천군 화천읍 중앙로5길 28-4
멘야산초쿠묵호지점		강원특별자치도 동해시 발한로 229-3
여러시멘야카오리	정자점	경기도 성남시 분당구 성남대로 295
히노아지기흥	구청점	경기도 용인시 기흥구 구갈로72번길 31
미스터라멘	삼송점	경기도 고양시 덕양구 동송로 33
도쿄라멘3900		경기도 안성시 공도읍 송원길 23
미스터라멘경희대국제캠퍼스점		경기도 용인시 기흥구 덕영대로 1732
하코야		경기도 여주시 세종로 396-4
코이라멘	판교점	경기도 성남시 분당구 판교역로 230
멘야마쯔리	향남점	경기도 화성시 만세구 향남읍 평3길 12
하카다라멘		경기도 파주시 금빛로 19
젠푸드히노아지롯데	수원점	경기도 수원시 권선구 세화로 134
하코야파주신세계프리미엄	아울렛점	경기도 파주시 탄현면 필승로 200
이찌방라멘앤카츠카레	세교점	경기도 평택시 세교공원로 12
혼다라멘	수지구청점	경기도 용인시 수지구 풍덕천로129번길 8
아찌;아찌라멘		경기도 부천시 원미구 길주로 300
히노아지일산벨라시타		경기도 고양시 일산동구 강송로 33
히노아지강남대점		경기도 용인시 기흥구 강남로 3
코우지라멘		경기도 광주시 장지1길 15
히노아지	명지점	경상남도 김해시 진영읍 하계로96번길 94-4
김씨네라멘트럭		경상남도 진주시 가좌길64번길 5
센라멘		경상남도 진주시 진주대로908번길 6
일본라멘류헤이	전문점	경상남도 진주시 가좌길 28
오빠라멘		경상남도 창원시 성산구 안민안길 50
정통일본라멘새참		경상남도 김해시 봉황대길 47
도쿄라멘김천신음점		경상북도 김천시 부거리길 25
아오리의행방불명	포항점	경상북도 포항시 북구 용당로 106
젠푸드히노아지롯데백화점	포항점	경상북도 포항시 북구 학산로 62
멘야하나비황리단길점		경상북도 경주시 사정로57번길 7-7
혼다라멘덮밥		대구광역시 중구 동성로3길 20
히노아지홈플러스	대구점	대구광역시 북구 중앙대로 543
멘무샤		대구광역시 수성구 유니버시아드로 140
소호라멘		대구광역시 북구 복현로 31
쵸우라멘		대전광역시 동구 동대전로 334-9
쵸우라멘		대전광역시 서구 가수원중로 4-24
히메노라멘	탄방점	대전광역시 서구 문정로40번길 51
스바라시라멘	월평점	대전광역시 서구 월평새뜸로4번길 94
쇼부라멘		대전광역시 동구 동대전로 172
류센소		부산광역시 부산진구 서전로58번길 114
카나이라멘		부산광역시 부산진구 서전로38번길 43-13
상생라멘		부산광역시 동래구 동래시장길 14
겐쇼심야라멘		부산광역시 금정구 금정로68번길 7
젠푸드히노아지롯데백화점	센텀시티점	부산광역시 해운대구 센텀남대로 59
이이라멘		부산광역시 부산진구 서전로38번길 66
류센소	송도점	부산광역시 서구 송도해변로 171
톤토리라멘&돈카츠직영점	해운대	부산광역시 해운대구 세실로 158
하타나카라멘		서울특별시 용산구 이태원로 230-1
산쪼메보라매	딜리버리점	서울특별시 동작구 보라매로5길 5
젠푸드히노아지롯데미아점	백화점	서울특별시 강북구 도봉로 62
멘무샤	시청점	서울특별시 중구 세종대로18길 24
코이라멘	신천점	서울특별시 송파구 백제고분로7길 8-12
젠푸드히노아지롯데관악점	백화점	서울특별시 관악구 봉천로 209
미스터라멘		서울특별시 마포구 독막로3길 33
젠푸드히노아지롯데백화점	청량리점	서울특별시 동대문구 왕산로 200
쇼부일본라멘강남고속터미널1호점	전문점	서울특별시 서초구 신반포로 186-2
도마;유즈라멘		서울특별시 종로구 북촌로2길 14
코란라멘	신림점	서울특별시 관악구 조원로 170
미스터라멘	광화문점	서울특별시 종로구 새문안로 92
코이라멘	천호점	서울특별시 강동구 천호옛14길 23-5
멘무샤		서울특별시 강서구 마곡중앙5로 9
이고라멘		서울특별시 중구 서소문로9길 28
멘야세븐마포		서울특별시 마포구 마포대로4가길 53
이츠모라멘	신림점	서울특별시 관악구 신림로68길 7
구름라멘		서울특별시 영등포구 선유서로30길 23
오로지라멘아티스포럼점		서울특별시 구로구 디지털로31길 62
진심라멘		서울특별시 관악구 관악로14나길 10
민부리라멘		서울특별시 송파구 백제고분로19길 32
카츠앤라멘	동대문	서울특별시 중구 장충단로 249-28
라멘이자카야쿠잔		서울특별시 광진구 면목로 22
이치홍라멘	반포점	서울특별시 서초구 사평대로55길 72
화원라멘		서울특별시 강서구 곰달래로53길 19
유라멘삼신논현역CGV점심저녁	강남역	서울특별시 강남구 봉은사로4길 32
초이라멘		서울특별시 종로구 세종대로23길 54
멘부리	응암점	서울특별시 은평구 응암로20길 3
히노아지간절곶점		울산광역시 울주군 서생면 해맞이로 1130
히메노라멘울산업	스퀘어점	울산광역시 남구 화합로 185
환장라멘		울산광역시 북구 박상진3로 25
라멘선생앤수제돈까스		울산광역시 동구 월봉로 12
라멘선생서	구청점	인천광역시 서해구 심곡로8번길 3
교레츠라멘신포		인천광역시 제물포구 신포로35번길 13
일본라멘미미	전문점	인천광역시 제물포구 신포로23번길 38
산쪼메		전북특별자치도 익산시 익산대로54길 93
노조미라멘	본점	전북특별자치도 군산시 효자길 31-1
히노아지전주	효자점	전북특별자치도 전주시 완산구 마전들로 29
멘야마쯔리	전북대점	전북특별자치도 전주시 덕진구 명륜4길 21
라멘집		전북특별자치도 익산시 함열읍 와리길 36
라멘맛심		제주특별자치도 제주시 신대로9길 7
쵸우라멘		충청남도 천안시 서북구 서부11길 15-2
히노아지둔포퍼스트	빌리지점	충청남도 아산시 둔포면 해위안길 127
코이라멘	신불당점	충청남도 천안시 서북구 불당25로 176
라멘선생수제돈까스		충청남도 천안시 동남구 목천읍 신계5길 38-1
마시타라멘		충청남도 홍성군 홍북읍 청사로174번길 25
멘야마쯔리	계룡점	충청남도 계룡시 엄사면 번영로 70
잇또라멘	석림점	충청남도 서산시 석림4로 51
타로라멘		충청북도 청주시 흥덕구 2순환로 1233
라멘마루켄		전남광주통합특별시 순천시 왕지4길 14-19
고운라멘 경주점		경상북도 경주시 황성로64번길 32, 1층 (황성동)
마시타		강원특별자치도 강릉시 정원로 54
토리코코로		경기도 남양주시 불암로 25-39
키레이		경기도 부천시 원미구 부천로 7
호시정		경기도 하남시 세미로1길 5
후타가와		경기도 안양시 동안구 평촌대로223번길 16
룬룬		경기도 광명시 오리로856번길 21
면단지		경기도 수원시 영통구 광교로 114
후타츠	구리점	경기도 구리시 경춘로227번길 6-15
라쿠다		대구광역시 동구 율하동로17길 1
본미당	은행점	대전광역시 중구 중앙로164번길 26
카센미세		부산광역시 연제구 쌍미천로 42-1
산쇼쿠		부산광역시 금정구 금강로 247-8
요아케		서울특별시 강남구 도산대로45길 10-11
계고수		서울특별시 관악구 청룡1길 16
더라멘		세종특별자치시 세종특별자치시 조치원읍 내창3길 16-1
이케멘스		전남광주통합특별시 순천시 왕지2길 9-11
가솔린앤로지스 부산본점		부산광역시 부산진구 서전로9번길 14, 1층 103호 (부전동)
