상호	지점명	주소	게재	폐업일자	관리번호	같은건물영업중
쇼부라멘 서소문점		서울특별시 중구 서소문로 95, 지하1층 (서소문동)	Y	2026-09-22	3010000-101-2021-00242	토방네 순대국 / 시청해우리 / 진미식당 / 비에이글 시청
멘쇼우라멘 상암DMC점		서울특별시 마포구 월드컵북로54길 17, 사보이시티디엠씨 지하1층 B113호 (상암동)	Y	2026-09-15	3130000-101-2024-00005	멘지 상암DMC점 / 에스엘비샐러드 상암점 / 크레이지버거 마포 상암점 / 경양식당 / 질할브로스 상암점 / 쏘울푸드 육회한 한끼 / 콩면당 상암본점 / 담다 / 프레드커피하우스 상암점 / 핵밥 상암MBC점 / 화포식당상암점 / 후토루 상암점 / 상냥한그놈의밥상 / 북촌손만두상암DMC점 / 바다양푼이찌개마을 / 홍콩반점0410 상암디엠씨점 / 삐삐포차 / 규카츠정 상암점 / 달리181 상암점 / 온타이키친 / 도원반점 상암직영점 / 도프커피(DOPE COFFEE) / 담솥 상암점 / 너도나도식당 상암DMC점 / 동남집 / 포메인레드 상암DMC / 청담동 마녀김밥 / 수제수제비 / 주람 / 버거리버거 상암DMC점 / 덴푸라 온 / 배꼽집 / 블랙 서커스(BLACK CIRCUS) / 류정 닭개장 / 이상수 불뼈찜 / 더치앤빈 / 도락 / 킹콩부대찌개마포상암점 / 보말진칼국수김밥 상암사보이점 / 오모치카에리(o Mochikaeri)
멘야카오리	동탄점	경기도 화성시 동탄구 동탄공원로3길 10-7	Y	2022-10-24	5770000-101-2015-00386	춘식칼국수
히노아지		경기도 안산시 단원구 광덕대로 194	Y	2022-09-23	5560000-101-2014-00184	온정 NC백화점고잔점 / CGV안산 / 스테이크어스NC고잔점 / 애슐리퀸즈NC안산고잔점 / 홍미당NC고잔점 / 스시선 / 피자몰 NC안산고잔점 / 더카페 / 샤브보트 NC고잔 / 용호동낙지 / 두촌가마솥밥 / 달인대보칼국수 NC백화점고잔점 / 홍대쌀국수(NC고잔점) / 경몽루NC고잔점 / 브라운돈까스 / 궁채 NC안산고잔점 / 반궁NC고잔점 / 봄채향NC고잔점 / 유니카페 엔씨백화점고잔점 챔피언
히노아지		경기도 화성시 병점구 경기대로 985	Y	2026-07-28	5760000-101-2006-00487	
코이라멘안산	중앙점	경기도 안산시 단원구 예술대학로 11	Y	2022-11-16	5560000-101-2022-00090	정성본 샤브수끼 칼국수 / (주)헤비스테이크 안산중앙점 / 동양솥밥 / 프리스타일 / 아트스트릿11 / 태화부대고기 / 가츠냉 / 올리와인 / 포크너
멘야고코로		경기도 수원시 영통구 월드컵로179번길 16	Y	2026-08-13	5610000-101-2008-00020	3066
097라멘		경기도 시흥시 서울대학로264번길 35	Y	2026-01-02	4010000-101-2021-00470	옳은국밥 / 존중배곧점 / 천향오마라탕 / 김가네닭강정 / 배곧우마카 / 석암생소금구이시흥배곧아브뉴프랑점 / 투파인드피터(TOFINDPITER) / 과일에반하다 프루타배곧점 / 삼청동샤브배곧점 / 야키도리켄지배곧점 / 모미지 / 가마로강정배곧신도시점 / 유지 / 마카오훠궈 / 양쉐프양꼬치 / 사이쵸세카이 / 오토김밥배곧점 / 소백양마라탕앤마라샹궈시흥배곧점 / 모모 / 소우소우국밥 / 움버거앤윙스시흥배곧아브뉴프랑
우시라멘		경기도 의정부시 시민로 39	Y	2026-09-28	3820000-101-2022-00339	본죽&비빔밥 의정부시청점 / 양주골 미나리국밥
쇼부라멘광주문형점		경기도 광주시 오포로 430-1	Y	2025-03-24	5540000-101-2022-00324	고미다미 수제돈까스
미가라멘배곧점		경기도 시흥시 서울대학로264번길 25	Y	2020-03-11	4010000-101-2020-00115	배곧동솥뚜껑 / 강민철왕먹태 / 뽁식당배곧점 / 일일수작배곧신도시점 / 가우초스테이크 / 사이공본가시흥배곧점 / 우가 / 청불천막집포차시흥배곧점 / 힘난다버거시흥배곧점 / 파이널나인시흥배곧점 / 호스시 / 본바(Bar) / 회뜨는중배곧신도시점 / 배곧바애견동반바크 / 딥담화(DEEP담화) / 돌삼겹더덕구이 / 아코(Acoh) / 우후죽순배곧신도시점 / 네모푸드 / 지금 / 부대옥 / 직화대첩배곧점 / 모모라멘 / 모트(MOT) / 마루상
코이라멘	흥덕점	경기도 용인시 기흥구 흥덕2로75번길 8	Y	2026-07-23	5630000-101-2023-00184	
라멘더쿠푸드		경기도 용인시 처인구 포곡읍 포곡로 136	Y	2026-04-09	5620000-101-2023-00306	안동쫄닭
도쿄라멘만정점		경기도 안성시 공도읍 공도4로 11	Y	2026-08-11	4080000-101-2024-00111	
993라멘		경기도 양주시 옥정동로7다길 94	Y	2024-07-29	5590000-101-2022-00206	톡인바(TALK:IN BAR) / 새마을식당육 옥정신도시점 / 옥정 구르메 / 1번지통닭 / 호구파티룸 / 토키 / 청년피자 양주점 / 헤즈업 옥정점
미스터라멘		경기도 파주시 가람로116번길 107	Y	2025-05-30	4060000-101-2022-00252	사골 부대찌개 / 운정자연김밥 / 비에이치씨(BHC)운정역점 / 흑돈정 / 파이홀릭 / 행복한깜씨
히노아지	양산점	경상남도 양산시 물금읍 증산역로 149	Y	2022-09-15	5380000-101-2016-00549	해우 / 리하오(LeeHao) / 크로스 / 맛찬들왕소금구이 양산증산점 / 소문난손칼국수 증산점
히고토라멘		경상북도 칠곡군 왜관읍 평장길 29	Y	2026-08-25	5220000-101-2022-00019	
혼다라멘	영남대점	경상북도 경산시 대학로 299	Y	2022-09-16	5130000-101-2019-00010	빽보이피자 경산영남대점
잇또라멘구미	확장단지점	경상북도 구미시 산동읍 신당1로2길 10	Y	2022-11-25	5080000-101-2018-00458	담을반찬 / 이층식당 / 낙곱새엔비빔밥 / 가든쿡
혼다라멘		경상북도 울진군 울진읍 읍내7길 11	Y	2026-07-16	5250000-101-2018-00042	
미스터라멘		경상북도 경주시 천북남로 16	Y	2022-09-20	5050000-101-2021-00395	
멘무샤조이		대구광역시 달서구 조암로 29		2024-12-19	3470000-101-2016-00513	설맥 대구월성점 / 찡오랑 / 역전할머니맥주(월성점) / 씨지브이(CGV) 대구월성 / 미스앤미스터포테이토 대구월성CGV점 / 지니포차 / 하바네로 월성점 / 오정은에이(a)김밥 월성점
류센소B	IFC점	부산광역시 남구 문현금융로 40	Y	2023-05-08	3310000-101-2020-00152	부연식당 / 파이 / 미도방 / 개정 / 운커피 문현BIFC점 / 오슬로우 부산BIFC점 / 네이볼(Neighbowl) / 마녀유부&김밥 / 해강 서울 깍두기 / 가야정 / 잉크앤드(INK&) / 채움 / 고더커피 문현bifc점 / 돈까스&김치찌개 / 마루카츠 / 오제(OZE) / 풀이랑 / 동동국밥 부산 문현점 / 봄베이브로이 / 루이하우스 비아이에프씨몰점 / 여수에서 온 나진국밥 / 왓더버거 문현점 / 방가네소고기국밥,수육(문현,국제금융센터점) / 홍 / 통낙지 / 아부라소바 부산 / 맷돌순두부 / 놀부부대찌개 / 모어샌드위치 BIFC몰점 / 진주면옥 / 하루한끼 / 규젠 BIFC몰점 / 베리라이스(VERY RICE)(한식)
카와루라멘		부산광역시 해운대구 재반로196번길 14-14	Y	2024-10-29	3330000-101-2020-00039	
치치부라멘		부산광역시 해운대구 마린시티3로 46	Y	2023-11-22	3330000-101-2008-00363	양화옥해운대(직영점) / 더대박 / 참가자미 해운대 마린시티점 / 풍원장 집밥 / 사마정
손모아아오리의행방불명	명동점	서울특별시 중구 명동10길 35-20		2020-04-08	3010000-101-2018-00244	순남시래기 명동점 / 송탄부대찌게 / 우와
이찌방라멘&카츠카레관악	봉천점	서울특별시 관악구 관악로 211	Y	2022-11-28	3200000-101-2020-00378	산골 / 야미떡볶이 / 부여집 / 모락미반 / 장흥집 / 김밥친구 / 생각보다맛있는집 / 일미 / 중앙순대 / 찰찰보리식빵 봉천중앙시장점
미가라멘	대학로점	서울특별시 종로구 대학로14길 18-2	Y	2022-11-22	3000000-101-1999-10437	
모리라멘&돈카츠		서울특별시 관악구 남부순환로 2068	Y	2021-06-15	3200000-101-2010-00558	터미널 에스프레소 하우스 사당 / 무이비엔 / (주)참배나무골
미친라멘		서울특별시 강남구 언주로85길 32	Y	2023-06-15	3220000-101-2021-00984	와구족 / 제로국-깊이를 담은 한 그릇, 프리미엄 다이어트 국밥 / 보드람죽 / 골라먹는 팔도밥상 / 회가대표초밥24역삼점 / 황금가마솥닭강정&치킨 강남역삼점 / 도리당 역삼점 / 로꼬리꼬독스 / 성산 봄 죽 칼국수 / 노지푸드 / 피자EPP 역삼점 / 엄마손 반찬가게 / 호샤퀴테리에 / 밥플 / 돈삼촌 역삼점 / 상하이 야시장 / 다올 / 골든디쉬아메리칸차이니즈 역삼점 / 토핑스 / 샹츠마라 역삼점 / 한상갈비찜 / 제육의계절 강남점 / 제로테이블 - 다이어트가 맛있어지는 순간 / 돼지게티 강남점 / 슬로우앤로 역삼1호점 / 일호참치 / 아하치킨 / 산촌신쭈꾸미 역삼점 / 마지카츠 / 피크포케&샐러드 / 랩스피자 / 베스트샐러드&포케 / 여왕의브런치 / 마지카츠 / 혜성키친 / 위고키친 강남점 / 신발닭발 / 육회한 차돌 / 프라임 위스키 / 제로웍 - 설탕0% 정통중식 미식다이어트 / 알라보 강남역점(allavo) / 야야할매 김치찜 역삼점
정라멘		서울특별시 송파구 삼전로12길 7	Y	2022-11-29	3230000-101-2019-00693	부자포차 / 분식친구
초이라멘		서울특별시 종로구 창신5길 14	Y	2022-10-05	3000000-101-2021-00325	
여러시멘야카오리	문정점	서울특별시 송파구 법원로 114	Y	2021-03-25	3230000-101-2019-00636	먹깨비 양꼬치 / 아키토리잔잔 문정점 / 경양식하우스 / 염원카츠 / 동원카레 / (주)포도마당라운지 / 서가마을 / 부엉이 오뎅바 / 옥된장 문정법조타운점 / 미도인 문정법조타운 / 서가참치&스시 / 잇쇼니 / 하루엔소쿠 문정점 / 제주육돈가 문정역점 / 구김살 / 철길부산집 문정점 / 마이 위스키 테이블(MY WHISKY TABLE) / 얼간이 떡도리탕 / Pane Pane(빠네 빠네) / 육대장 문정역엠스테이트점 / 밀숲 문정점 / 미스타교자 문정점 / 또바기 돼지국밥 감자탕 / 식스(six) / 호코(HOCO) 문정법조타운점 / 에슬로우 문정법조타운점 / 킹콩부대찌개 송파법조타운점 / 박가부대 문정법조타운점 / 프렌즈스크린 퀀텀Q 문정역법조타운 24시 / 바차 문정점 / 우사기 / 미식 호랑이 / 불독 돈까스 / 우즈마키 문정본점 / 자연산 산꼼장어 / 나나양꼬치 / 함흥본가 면옥 / 니트포 / 문정돈 / 커피나인 문정 / 수내닭꼬치 송파문정점 / 가호 요리주점 문정 / 동우황태 문정점 / 탄심 / 솥가득 조개 / (주)커피빈코리아 문정역엠스테이트점 / 나이쏘이 / 엔커피 문정역점 / 토리아에즈 문정역점 / 생활맥주 문정법조타운점 / 석정 / 오한수 우육면가 문정점 / 강찜찌 / 요우 / 흥도식당 / 나이스카페인클럽 문정역점 / 마라탕전문점 샹츠마라 문정점 / 세노 / 오스테리아 쿠오레(OSTERIA CUORE) / 담솥 문정점 / 이로이로 いろいろ / 한창회관 / 이병태함흥냉면 문정점 / 강창구 찹쌀진순대 문정역점 / 역전할머니맥주 문정법조타운점 / 중앙골뱅이 / 불하당 / 청담화로 / 광나루 또바기 / 원해장 / 페일블루커피 / 라스트춘선 문정 / K.PUB (케이펍)스테이크& 치킨 / 완산골명가 문정법조타운정 / 덤벨푸드 문정점 / 문정 갈빗집 / 봄이보리밥문정점 / 속초오징어어시장 문정점 / 킹스 / 동네형아 문정점 / 마이 위스키 테이블 / 강촌식당 문정점 / 곱분이 곱창 문정점 / 보울리쉬 송파점 / 탕반 / 끼니공방 문정 / 그레이 바틀 / 금별맥주 / 시선 문정법조타운점 / 원.순천집 / 큰집닭강정 문정점 / 라무진 문정역점 / 금만문 / (텐)TEN / 오모로이 오지상 / 홍쉐프 & 화덕 / 고봉당 / 양문 숯불갈비 문정역점 / 문정한방삼계탕 / FLOUR Bakery & Cafe(플라워베이커리앤카페) / 이북집 찹쌀순대 / 연주 등심 / 진온더 / 오슬로우커피 / 나무 젓가락 / 보배반점 문정점 / 길목 / 토리메로 문정직영점 / 소공동 순두부 / 한솥도시락 문정엠스테이트점 / 청담동마녀김밥 문정점 / 문정 본 한우곱창 / 판교돈 문정점 / 녹정 샤브샤브 / 생마차 문정법조타운점 / 미나리냉삼 / 왕건카레 문정점 / 라화쿵부
코이라멘장충동점		서울특별시 중구 장충단로 168		2025-03-19	3010000-101-2024-00340	한와담소반 장충점 / 피디알플러스82 / 남산 BAR
잇또라멘세종	어진점	세종특별자치시 세종특별자치시 갈매로 351	Y	2025-08-25	5690000-101-2018-00341	다이닝몽드 세종 / 세종도화 / BISTRO BURGER(비스트로 버거) / 폴스마마(Pauls mama) / 이모네 / 청사 추어탕
라멘집입니다	호계점	울산광역시 북구 동대8길 14	Y	2025-11-10	3720000-101-2018-00187	
호랭이라멘		인천광역시 남동구 남동대로799번길 34	Y	2026-07-13	3530000-101-2022-00394	김복남맥주(인천구월점) / 하복당 과일전문 디저트카페 인천구월점 / 오요피자 / 진심즉석떡볶이집 레인보우점 / 부대옥 인천시청점 / 코즈요리(KOZ) / 준 카이센동 / 매일하하 / 얌샘김밥 인천시청점 / 한파특보 / 타이반쩜 인천시청점 / 돈킹 / 애플크로스(applecross) / 신의주찹쌀순대(인천시청점) / 한파키친 / 다담정 / 투데이(Today) / 마녀국물닭발 / 소라노스시 인천시청점 / 곱창에 진심인 여자
타무라멘		제주특별자치도 서귀포시 안덕면 화순로 67	Y	2025-08-22	6520000-101-2024-00345	더리트리브
라멘집입니다		충청남도 아산시 삼동로70번길 16		2024-09-23	4520000-101-2018-00428	모종동국수집 / 동궁찜닭
라멘집		충청남도 천안시 서북구 성정두정로 35		2026-09-01	5660000-101-2020-00440	철길부산집천안성정점 / 청룡어시장 / 깡우동천안성정점
천지라멘		전남광주통합특별시 해남군 해남읍 남부순환로 9-4	Y	2025-12-03	5870000-101-2022-00047	비비큐(BBQ) 해남터미널점
멘야산		대구광역시 중구 중앙대로 406-5, 1층 (남일동)	Y	2026-02-25	3410000-101-2017-00105	청춘분식 / 도쿄슬럽클럽
라멘센타		경상남도 창원시 성산구 용지로 96, 하이페르 1동 113호 (중앙동)	Y	2026-09-29	5670140-101-2026-00008	우돈맛도시락 / 원두막보리밥 / 섬진강어탕메기탕 / 국민분식 / 앨리스농장샐러드 / 밀양돼지국밥
큐슈울트라아멘		서울특별시 동작구 노들로2길 7, 노량진 드림스퀘어 복합빌딩 C동 1층 114호 (노량진동)	Y	2026-09-17	3190000-101-2026-00159	밥집 / 플 카페(CAFE PL) / 호멜맥주3호점 / 라스트 드롭 / 독한맥주 / 이차맥주 / 이자카야 히로 / 플렉스 커피 / 메가엠지씨커피 노량진수산시장점 / 호멜맥주 / 쿠시쿠시 노량진점 / 솔로사우나_레포 노량진점 / 동촌 / 명장식당 / 닭발포차 / 삼형제 김밥 노량진점 / 이자카야 호멜 / 호멜포차 / 연꽃치 노량진드림스퀘어점 / 호멜맥주 / 은밀 / 골드맥주 / (주)딱조아 / 이디야커피 노량진드림스퀘어점
후타츠		서울특별시 마포구 와우산로15길 28, 1층 (서교동)	Y	2026-06-30	3130000-101-2023-00001	또보겠지떡볶이집 깐따삐아점 / 환영
오니		서울특별시 송파구 마천로51길 16, 1층 1호 (마천동)		2026-05-26	3230000-101-2022-00371	
시오도메		경기도 시흥시 서울대학로278번길 43-13	Y	2022-05-17	4010000-101-2017-00276	사계절순대동태탕 / 신주옥미시흥배곧점 / 미카도스시배곧점 / 김종구부산어묵배곧점 / 청하당 / 세광양대창시흥배곧점 / 조마루감자탕배곧점 / 육대장배곧점
미미루		경기도 김포시 김포한강8로194번길 159		2026-04-28	4090000-101-2024-00244	
마카나이회룡역점		경기도 의정부시 외미로 94	Y	2026-08-04	3820000-101-2009-00058	녹두마을 / 쭈꾸미세상
아사라식당		대구광역시 동구 안심로22길 60-11	Y	2023-12-13	3420000-101-2019-00342	맛있는 고기에 솜씨를 더하다 대구율하점 / 연막창 대구율하점 / 반상반주
뎅뎅뎅		대전광역시 동구 성동로37번길 38		2021-08-23	3640000-101-2012-00043	
토리시오		서울특별시 강남구 논현로30길 43	Y	2022-10-26	3220000-101-2020-01171	덴키라멘(DENKI RAMEN)
스스루		서울특별시 서초구 서초대로54길 11	Y	2022-11-30	3210000-101-2012-00464	
라멘트럭		서울특별시 마포구 와우산로7길 6	Y	2022-10-17	3130000-101-2014-00728	샌디 빌리지
메노키오		서울특별시 강서구 공항대로 261	Y	2022-10-13	3150000-101-2020-00815	경성꽈배기 발산 마스터점 / 슈코다이닝 / 진원소우 발산역점 / 천사곱창 발산본점 / 한양보쌈 / 샤브20 발산마곡점 / 백남옥 달인손만두 / 연백딸기모찌 / 태풍참치 / 빨강고구마떡볶이
후타츠구로	본점	서울특별시 구로구 디지털로 306	Y	2026-08-13	3160000-101-2026-00074	킹스커피 / 대륭각 / 고향 엄마손 생바지락 칼국수 구로디지털직영점 / 카페 드루와 / 파파이스 구로디지털점 / 박가부대구로디지털단지점 / 라이트닝커피 / 김윤스시 / 고씨네 / 명동칼국수 샤브샤브 / 청기와타운 구로디지털점 / 도란도란 한식뷔페 / 배부른하루 / 현대옥 구로디지털단지점 / 삼대미역 구로디지털단지점
