id	상호	지점명	주소	시	구	동네라벨	lat	lng	좌표출처	영업시간	브레이크	휴무	오픈일	상태	상태변경일	형태	형태_대표	스프	스프_대표	스프_세부	계보	편의	태깅확신도	대표메뉴1	대표메뉴2	대표메뉴3	좌석	한줄소개	인스타	네이버플레이스	웨이팅링크	검증상태	최종확인일	정보출처	메모
	잇짱라멘		서울특별시 강남구 학동로4길 20, 명진빌딩 지상1층 101호 (논현동)				37.510108	127.023233	LOCALDATA					영업									추정									제보검토중		시딩v2(인허가)	
	아카리라멘 선유도점		서울특별시 영등포구 양평로22길 25, 1층 103호 (양평동5가)				37.540047	126.895350	LOCALDATA					영업									추정									제보검토중		시딩v2(인허가)	
	멘야유메미루 강남점		서울특별시 강남구 테헤란로4길 6, 강남역 센트럴 푸르지오 시티 지상1층 113호 (역삼동)				37.497726	127.029297	LOCALDATA					영업									추정									제보검토중		시딩v2(인허가+상가)	
	유즈라멘 서울역본점		서울특별시 중구 만리재로 217 (만리동1가, 1층)				37.556893	126.968192	LOCALDATA					영업									추정									제보검토중		시딩v2(인허가+상가I20303)	
	유즈라멘 서울역본점		서울특별시 중구 만리재로 217 (만리동1가, 1층)				37.556893	126.968192	LOCALDATA					영업									추정									제보검토중		시딩v2(인허가)	
	텐진라멘선유도		서울특별시 영등포구 선유로49길 30-1, 1층 (양평동4가)				37.537143	126.894510	LOCALDATA					영업									추정									제보검토중		시딩v2(인허가+상가I20303)	
	라멘바 시코우		서울특별시 마포구 와우산로7길 33, 1층 101호 (상수동)				37.547351	126.921036	LOCALDATA					영업									추정									제보검토중		시딩v2(인허가+상가I20303)	
	유메라멘		서울특별시 동대문구 답십리로 27, 청량리역 롯데캐슬 SKY-L65 C동 1층 117호 (전농동, 청량리역 롯데캐슬 SKY-L65)				37.578857	127.045137	LOCALDATA					영업									추정									제보검토중		시딩v2(인허가+상가I20303)	
	그린라멘샵		서울특별시 중구 서애로 18-4, 1층 (필동3가)				37.560844	126.997408	LOCALDATA					영업									추정									제보검토중		시딩v2(인허가+상가I20303)	
	칸키라멘 동작구청점		서울특별시 동작구 장승배기로 70, 동작구청 특별임대상가 지하1층 8호, 9호 (상도동)				37.504416	126.941116	LOCALDATA					영업									추정									제보검토중		시딩v2(인허가)	
	라멘 토네이도		서울특별시 마포구 성미산로1길 27, 1층 (성산동)				37.559170	126.907886	LOCALDATA					영업									추정									제보검토중		시딩v2(인허가)	
	멘야윤		서울특별시 동작구 여의대방로22길 121, 제상가동 제1층 제1411호 (신대방동, 보라매자이 더 포레스트)				37.498552	126.926090	LOCALDATA					영업									추정									제보검토중		시딩v2(인허가)	
	계단라멘		서울특별시 양천구 목동서로 161, PARK161 지하1층 B103호 (목동)				37.529167	126.873550	LOCALDATA					영업									추정									제보검토중		시딩v2(인허가)	
	니시무라멘 현대무역점		서울특별시 강남구 테헤란로 517, 현대백화점 지상 10층 (삼성동)				37.508595	127.059719	LOCALDATA					영업									추정									제보검토중		시딩v2(인허가)	
	(주)도마,유즈라멘 안국		서울특별시 종로구 북촌로2길 14 (재동)				37.577828	126.986483	LOCALDATA					영업									추정									제보검토중		시딩v2(인허가)	
	저온숙성구름카츠&마제소바 천호점		서울특별시 강동구 구천면로41길 6, 1층 라호 (천호동)				37.546435	127.133706	LOCALDATA					영업									추정									제보검토중		시딩v2(인허가+상가I20303)	
	(주)킨카패밀리코리아1킨톤라멘대학로점		서울특별시 종로구 대학로10길 15-15, 1층 (동숭동)				37.582495	127.002833	LOCALDATA					영업									추정									제보검토중		시딩v2(인허가)	
	유메이라멘		서울특별시 강남구 압구정로50길 5-10 (신사동,지하1층)				37.527639	127.039075	LOCALDATA					영업									추정									제보검토중		시딩v2(인허가)	
	우시라멘		서울특별시 은평구 진흥로1길 29, 1층 (역촌동)				37.603055	126.918399	LOCALDATA					영업									추정									제보검토중		시딩v2(인허가+상가I20303)	
	라멘이찌방		서울특별시 강남구 강남대로58길 11 (도곡동,지상2층)				37.489477	127.032992	LOCALDATA					영업									추정									제보검토중		시딩v2(인허가)	
	오로지라멘한신인터밸리24점		서울특별시 강남구 테헤란로 322, 한신인터밸리24 지하2층 비132호 (역삼동)				37.502973	127.046533	LOCALDATA					영업									추정									제보검토중		시딩v2(인허가+상가I20303)	
	미스터 라멘		서울특별시 마포구 어울마당로 136-13, 지1층 B02호 (서교동)				37.555768	126.925708	LOCALDATA					영업									추정									제보검토중		시딩v2(인허가+상가I20303)	
	라면집(ZIP)		서울특별시 강남구 압구정로 162 (신사동,베네하임시티 지상1층107호)				37.526297	127.027447	LOCALDATA					영업									추정									제보검토중		시딩v2(인허가)	
	멘야하나비 성신여대점		서울특별시 성북구 동소문로22길 39-5, 2층 (동선동1가)				37.591457	127.018557	LOCALDATA					영업									추정									제보검토중		시딩v2(인허가+상가)	
	니카이라멘		서울특별시 성동구 마조로 22-3, 2층 (행당동)				37.559818	127.041417	LOCALDATA					영업									추정									제보검토중		시딩v2(인허가)	
	오로지라멘 이앤씨벤처드림타워점		서울특별시 구로구 디지털로31길 53, 이앤씨벤처드림타워5차 103-1호 (구로동)				37.485509	126.892418	LOCALDATA					영업									추정									제보검토중		시딩v2(인허가)	
	멘쇼우라멘		서울특별시 관악구 남부순환로230길 25, 1층 (봉천동)				37.479069	126.955597	LOCALDATA					영업									추정									제보검토중		시딩v2(인허가+상가I20303)	
	카도야라멘 서울대점		서울특별시 관악구 남부순환로 1811 (봉천동)				37.481735	126.951446	LOCALDATA					영업									추정									제보검토중		시딩v2(인허가+상가I20303)	
	산쇼쿠라멘 강남본점		서울특별시 강남구 테헤란로4길 46, 제지1층 제비상가138호 (역삼동, 쌍용플래티넘밸류)				37.495400	127.030406	LOCALDATA					영업									추정									제보검토중		시딩v2(인허가)	
	라멘&덮밥		서울특별시 관악구 대학길 39-4, 1층 (신림동)				37.468925	126.937992	LOCALDATA					영업									추정									제보검토중		시딩v2(인허가+상가)	
	코란라멘 본점		서울특별시 관악구 대학6길 14 (신림동)				37.469077	126.936937	LOCALDATA					영업									추정									제보검토중		시딩v2(인허가)	
	이츠모라멘 신림직영점		서울특별시 관악구 신림로68길 7 (신림동)				37.486556	126.929737	LOCALDATA					영업									추정									제보검토중		시딩v2(인허가)	
	메이게츠 라멘 신림점		서울특별시 관악구 신림로19길 78, 지하2층 1호 (신림동)				37.466898	126.935777	LOCALDATA					영업									추정									제보검토중		시딩v2(인허가)	
	멘야 카엔		서울특별시 관악구 남부순환로230길 39, 1층 (봉천동)				37.478342	126.955619	LOCALDATA					영업									추정									제보검토중		시딩v2(인허가+상가)	
	쿠잔라멘		서울특별시 광진구 면목로 22, 1층 (군자동)				37.555967	127.075974	LOCALDATA					영업									추정									제보검토중		시딩v2(인허가)	
	소노키라멘 반포점		서울특별시 서초구 사평대로55길 72, 1층 (반포동)				37.507164	127.021585	LOCALDATA					영업									추정									제보검토중		시딩v2(인허가)	
	코코로라멘광장시장점		서울특별시 종로구 창경궁로 88-13, 원상빌딩 1층 (종로4가)				37.570398	126.998828	LOCALDATA					영업									추정									제보검토중		시딩v2(인허가+상가I20303)	
	라멘모토		서울특별시 서초구 신반포로 325, 반포빌딩 101-1호 (잠원동)				37.510709	127.019164	LOCALDATA					영업									추정									제보검토중		시딩v2(인허가+상가I20303)	
	멘야하나비		서울특별시 송파구 백제고분로45길 38, 1층 103호 (송파동)				37.510965	127.107788	LOCALDATA					영업									추정									제보검토중		시딩v2(인허가+상가)	
	유니드라멘		서울특별시 광진구 능동로37길 44, 1층 (중곡동)				37.558843	127.077645	LOCALDATA					영업									추정									제보검토중		시딩v2(인허가+상가I20303)	
	라멘 킥스타트		서울특별시 중구 다산로21길 14, 1층 (신당동)				37.558160	127.011491	LOCALDATA					영업									추정									제보검토중		시딩v2(인허가+상가I20303)	
	오이시쿠 라멘 강서점		서울특별시 강서구 곰달래로53길 30, 1층 (화곡동)				37.533174	126.859477	LOCALDATA					영업									추정									제보검토중		시딩v2(인허가+상가I20303)	
	오로지라멘		서울특별시 노원구 동일로217길 58 (상계동, 헤룡빌딩 105호, 106호)				37.653287	127.057939	LOCALDATA					영업									추정									제보검토중		시딩v2(인허가+상가I20303)	
	멘야하나		서울특별시 금천구 시흥대로152길 25, 상가동 1층 111호, 112호 (독산동, 신도브래뉴아파트)				37.477400	126.900239	LOCALDATA					영업									추정									제보검토중		시딩v2(인허가+상가)	
	와다라멘		서울특별시 구로구 시흥대로163길 12, 2층 (구로동)				37.481681	126.899298	LOCALDATA					영업									추정									제보검토중		시딩v2(인허가+상가I20303)	
	소바하우스 멘야준		서울특별시 마포구 월드컵북로6길 84, 1층 (동교동)				37.559980	126.922624	LOCALDATA					영업									추정									제보검토중		시딩v2(인허가+상가I20303)	
	오레노라멘 롯데월드몰점		서울특별시 송파구 올림픽로 300, 롯데월드몰 5층 (신천동)				37.513101	127.103433	LOCALDATA					영업									추정									제보검토중		시딩v2(인허가+상가I20303)	
	호시노라멘&덮밥		서울특별시 관악구 대학6길 14, 1층 (신림동)				37.469077	126.936937	LOCALDATA					영업									추정									제보검토중		시딩v2(인허가)	
	라멘 롱 시즌(japanese ramen long season)		서울특별시 마포구 동교로34길 21 (연남동, 지1층일부)				37.560838	126.925557	LOCALDATA					영업									추정									제보검토중		시딩v2(인허가+상가I20303)	
	라멘모토		서울특별시 마포구 포은로 11 (합정동, 1층일부)				37.549229	126.909222	LOCALDATA					영업									추정									제보검토중		시딩v2(인허가+상가I20303)	
	신유라멘		서울특별시 금천구 서부샛길 606, 대성디폴리스지식산업센터 108호 (가산동)				37.479747	126.877048	LOCALDATA					영업									추정									제보검토중		시딩v2(인허가+상가I20303)	
	쇼부라멘 상암월드컵경기장점		서울특별시 마포구 월드컵로 240, 월드컵주경기장 메가박스 2층일부 (성산동)				37.568286	126.897278	LOCALDATA					영업									추정									제보검토중		시딩v2(인허가+상가I20303)	
	멘야가와		서울특별시 양천구 목동중앙로7길 8, 1층 일부호 (목동)				37.538221	126.872726	LOCALDATA					영업									추정									제보검토중		시딩v2(인허가+상가)	
	잇또라멘 노원점		서울특별시 노원구 노해로 517, 3층 (상계동)				37.655692	127.065405	LOCALDATA					영업									추정									제보검토중		시딩v2(인허가)	
	폭탄국밥&오이시쿠 라멘 고대안암점		서울특별시 성북구 고려대로26길 31, 지하1층 지하-2호 (안암동5가)				37.584861	127.030072	LOCALDATA					영업									추정									제보검토중		시딩v2(인허가)	
	멘야포모 성수점		서울특별시 성동구 연무장길 37-17, 지1층 (성수동2가)				37.543414	127.053636	LOCALDATA					영업									추정									제보검토중		시딩v2(인허가)	
	주카라멘바		서울특별시 영등포구 선유동1로 6-11 (당산동2가)				37.522528	126.892254	LOCALDATA					영업									추정									제보검토중		시딩v2(인허가+상가I20303)	
	라멘츠쿠 노원본점		서울특별시 노원구 상계로1길 38-11, 우창프라자 117호 (상계동)				37.657994	127.062384	LOCALDATA					영업									추정									제보검토중		시딩v2(인허가+상가I20303)	
	신센라멘 신림점		서울특별시 관악구 서림길 41, 2층 (신림동)				37.474321	126.938400	LOCALDATA					영업									추정									제보검토중		시딩v2(인허가+상가I20303)	
	멘타쿠라멘		서울특별시 송파구 법원로8길 13, 문정헤리움써밋타워 1층 109호 (문정동)				37.484555	127.122315	LOCALDATA					영업									추정									제보검토중		시딩v2(인허가+상가I20303)	
	멘야이찌방 고척점		서울특별시 구로구 경인로47길 60, 1층 (고척동)				37.501666	126.865119	LOCALDATA					영업									추정									제보검토중		시딩v2(인허가+상가)	
	혼다라멘 어린이대공원점		서울특별시 광진구 광나루로 385, 1층 1호 (군자동)				37.548098	127.072659	LOCALDATA					영업									추정									제보검토중		시딩v2(인허가+상가I20303)	
	멘야돈토리		서울특별시 양천구 남부순환로 330 (신월동, 덕수펠리체1층 101호)				37.537194	126.826986	LOCALDATA					영업									추정									제보검토중		시딩v2(인허가+상가)	
	이츠모라멘		서울특별시 마포구 와우산로23길 18-7 (서교동, 2층 일부)				37.553994	126.924619	LOCALDATA					영업									추정									제보검토중		시딩v2(인허가+상가I20303)	
	오로지라멘		서울특별시 양천구 목동중앙북로7가길 43, 지상1층 (목동)				37.549473	126.865136	LOCALDATA					영업									추정									제보검토중		시딩v2(인허가+상가I20303)	
	라멘트럭 목동점		서울특별시 양천구 오목로54길 9, 수정빌딩 1층 101호 (목동)				37.523819	126.873448	LOCALDATA					영업									추정									제보검토중		시딩v2(인허가+상가I20303)	
	쿄라멘(Kyo ramen)		서울특별시 마포구 동교로46길 25, 지층 (연남동)				37.562307	126.926177	LOCALDATA					영업									추정									제보검토중		시딩v2(인허가+상가I20303)	
	아키야 라멘		서울특별시 마포구 토정로 39-3, 1층 (합정동)				37.545746	126.915340	LOCALDATA					영업									추정									제보검토중		시딩v2(인허가+상가I20303)	
	멘야소바		서울특별시 서대문구 연세로2길 83, 성지빌딩 1층 (대현동)				37.557227	126.941390	LOCALDATA					영업									추정									제보검토중		시딩v2(인허가+상가I20303)	
	네코라멘		서울특별시 양천구 목동남로4길 22, 2층 (신정동)				37.508766	126.865530	LOCALDATA					영업									추정									제보검토중		시딩v2(인허가+상가I20303)	
	멘야호타루		서울특별시 마포구 마포대로4가길 53, 1층 (마포동)				37.537370	126.944824	LOCALDATA					영업									추정									제보검토중		시딩v2(인허가)	
	토모멘야		서울특별시 광진구 아차산로 431, 상가3동 지층 103호 (구의동, 강변에스케이뷰)				37.538653	127.090179	LOCALDATA					영업									추정									제보검토중		시딩v2(인허가+상가)	
	오로지라멘 중앙유통단지점		서울특별시 구로구 경인로53길 15 (구로동,중앙유통상가 D21-02)				37.500904	126.874586	LOCALDATA					영업									추정									제보검토중		시딩v2(인허가+상가I20303)	좌표 불일치(150m+) — 위치 확인 필요
	신센라멘 연남점		서울특별시 마포구 동교로34길 17, 1층 201호 (연남동)				37.560945	126.925291	LOCALDATA					영업									추정									제보검토중		시딩v2(인허가+상가I20303)	
	멘야서울 중림점		서울특별시 중구 서소문로6길 34, 성요셉아파트 3층 317호 (중림동)				37.559587	126.967257	LOCALDATA					영업									추정									제보검토중		시딩v2(인허가+상가)	
	킨카라멘		서울특별시 서초구 주흥16길 22, 101호 (반포동)				37.509556	127.019833	LOCALDATA					영업									추정									제보검토중		시딩v2(인허가+상가I20303)	
	저온숙성구름카츠&마제소바		서울특별시 양천구 신정중앙로21길 23, 1층 (신정동)				37.527063	126.860802	LOCALDATA					영업									추정									제보검토중		시딩v2(인허가+상가I20303)	
	레드멘야케이 노원본점		서울특별시 노원구 상계로 63-7, 청우빌딩 1층 107호 (상계동)				37.656511	127.061911	LOCALDATA					영업									추정									제보검토중		시딩v2(인허가+상가)	
	수유라멘 서울과기대 공릉점		서울특별시 노원구 공릉로 221, 1층 일부호 (공릉동)				37.628890	127.076911	LOCALDATA					영업									추정									제보검토중		시딩v2(인허가+상가I20303)	
	KUNI RAMEN 쿠니라멘		서울특별시 서초구 강남대로 224, 지하1층 B105호 (양재동, 양재한신휴플러스)				37.484158	127.035033	LOCALDATA					영업									추정									제보검토중		시딩v2(인허가+상가I20303)	
	겐조라멘		서울특별시 서초구 강남대로 455 (서초동, 강남태영데시앙루브 1층106호)				37.502847	127.024544	LOCALDATA					영업									추정									제보검토중		시딩v2(인허가+상가I20303)	
	신센라멘 신월점		서울특별시 양천구 월정로 109 (신월동)				37.528935	126.838751	LOCALDATA					영업									추정									제보검토중		시딩v2(인허가+상가I20303)	
	멘야수		서울특별시 마포구 양화로 56, 동양한강트레벨 지1층 B103-2호 (서교동)				37.549547	126.914812	LOCALDATA					영업									추정									제보검토중		시딩v2(인허가+상가)	
	신센라멘 홍대점		서울특별시 마포구 와우산로29길 4-26, 2층 202호 (서교동)				37.555028	126.929585	LOCALDATA					영업									추정									제보검토중		시딩v2(인허가+상가I20303)	
	칸키라멘		서울특별시 양천구 오목로48길 10, 1층 (신정동)				37.525011	126.862811	LOCALDATA					영업									추정									제보검토중		시딩v2(인허가+상가I20303)	
	라멘쨩		서울특별시 송파구 올림픽로35길 112, 1동 지하1층 6-1,6-2호 (신천동, 장미B상가)				37.518885	127.099281	LOCALDATA					영업									추정									제보검토중		시딩v2(인허가+상가I20303)	좌표 불일치(150m+) — 위치 확인 필요
	일본라멘무메이		서울특별시 마포구 동교로27길 12, 103호 (동교동, 1층일부)				37.558930	126.922940	LOCALDATA					영업									추정									제보검토중		시딩v2(인허가+상가I20303)	
	멘야니쿠		서울특별시 송파구 올림픽로32길 29, 유성빌딩 2층 201호 (방이동)				37.513504	127.109996	LOCALDATA					영업									추정									제보검토중		시딩v2(인허가)	
	멘야가와		서울특별시 양천구 목동중앙북로 86, 1층 (목동)				37.546292	126.872613	LOCALDATA					영업									추정									제보검토중		시딩v2(인허가)	
	쇼부라멘 서소문점		서울특별시 중구 서소문로 95, 지하1층 (서소문동)				37.562849	126.971746	LOCALDATA					영업									추정									제보검토중		시딩v2(인허가+상가I20303)	
	566라멘(566RAMEN)		서울특별시 마포구 연남로3길 33, 1층 (연남동)				37.560593	126.920887	LOCALDATA					영업									추정									제보검토중		시딩v2(인허가+상가I20303)	
	멘야하나비 합정점		서울특별시 마포구 잔다리로7안길 14, 1층 (서교동)				37.552528	126.916836	LOCALDATA					영업									추정									제보검토중		시딩v2(인허가+상가)	
	한끼는라멘&비빔밥		서울특별시 서초구 청계산로 217, 103-2호 (신원동)				37.446268	127.057327	LOCALDATA					영업									추정									제보검토중		시딩v2(인허가+상가)	
	장라멘		서울특별시 양천구 신월로 149, 1층 (신월동)				37.517567	126.840279	LOCALDATA					영업									추정									제보검토중		시딩v2(인허가+상가I20303)	
	라멘 키레이		서울특별시 마포구 동교로9길 23, 1층 102호 (망원동)				37.554922	126.910075	LOCALDATA					영업									추정									제보검토중		시딩v2(인허가)	
	텐진라멘 가산디지털단지점		서울특별시 금천구 가산디지털1로 142, 가산 더스카이밸리 1차 1층 128호 (가산동)				37.478337	126.883247	LOCALDATA					영업									추정									제보검토중		시딩v2(인허가+상가I20303)	
	와다라멘 이태원점		서울특별시 용산구 녹사평대로32길 9, 1층 (이태원동)				37.533686	126.989411	LOCALDATA					영업									추정									제보검토중		시딩v2(인허가+상가I20303)	
	도조라멘		서울특별시 서대문구 응암로 72, 나동 1층 (북가좌동)				37.579293	126.911179	LOCALDATA					영업									추정									제보검토중		시딩v2(인허가+상가I20303)	
	멘야요시		서울특별시 마포구 광성로 31-1, 춘추가원 1층 (신수동)				37.549957	126.936585	LOCALDATA					영업									추정									제보검토중		시딩v2(인허가+상가)	
	라멘야누		서울특별시 마포구 동교로 262-3, 하늘드리움 지1층 (연남동)				37.562991	126.925498	LOCALDATA					영업									추정									제보검토중		시딩v2(인허가+상가I20303)	
	라멘에반하다 태평양물산점		서울특별시 구로구 디지털로31길 12, 태평양물산 지하1층  B106-4호 (구로동)				37.485137	126.895054	LOCALDATA					영업									추정									제보검토중		시딩v2(인허가+상가I20303)	
	라멘트럭 상수점		서울특별시 마포구 독막로14길 31 (상수동, 지하1층)				37.547483	126.922599	LOCALDATA					영업									추정									제보검토중		시딩v2(인허가+상가I20303+상가I20303)	
	라멘야 시마		서울특별시 영등포구 63로 50, 63한화생명빌딩 B1층 F08호 (여의도동)				37.519833	126.940072	LOCALDATA					영업									추정									제보검토중		시딩v2(인허가)	
	기린이라멘		서울특별시 서대문구 거북골로 53-18, 1층 좌측두번째호 (남가좌동)				37.578159	126.922894	LOCALDATA					영업									추정									제보검토중		시딩v2(인허가)	
	오레노라멘송파		서울특별시 송파구 백제고분로45길 17-3, 102호 (송파동)				37.509556	127.109441	LOCALDATA					영업									추정									제보검토중		시딩v2(인허가+상가I20303)	
	코코로라멘(kokororamen) 잠실점		서울특별시 송파구 백제고분로19길 17, 청암빌딩 1층 103호 (잠실동)				37.506456	127.086994	LOCALDATA					영업									추정									제보검토중		시딩v2(인허가)	
	태양의 토마토라멘 대학로점		서울특별시 종로구 창경궁로34길 15, 1, 2층 (혜화동)				37.584383	127.001168	LOCALDATA					영업									추정									제보검토중		시딩v2(인허가)	
	히카리라멘		서울특별시 동대문구 고산자로36길 3, 경동시장 신관 3층 70104호 (제기동)				37.579163	127.039313	LOCALDATA					영업									추정									제보검토중		시딩v2(인허가)	
	멘야포모 강남구청점		서울특별시 강남구 학동로 421 (청담동,지상1층107호)				37.518493	127.046260	LOCALDATA					영업									추정									제보검토중		시딩v2(인허가)	
	멘야츠바사		서울특별시 마포구 동교로38길 33-14, 1층 (연남동)				37.561760	126.926316	LOCALDATA					영업									추정									제보검토중		시딩v2(인허가)	
	코이라멘 장충점		서울특별시 중구 동호로24길 27-3, 1층 (장충동2가)				37.560460	127.005245	LOCALDATA					영업									추정									제보검토중		시딩v2(인허가)	
	탐라멘		서울특별시 강동구 상암로 28, 1층 105호 (암사동)				37.550307	127.126739	LOCALDATA					영업									추정									제보검토중		시딩v2(인허가+상가I20303)	
	라멘하카타분코		서울특별시 마포구 독막로19길 43 (상수동,1층)				37.548909	126.923760	LOCALDATA					영업									추정									제보검토중		시딩v2(인허가)	
	존라멘		서울특별시 중구 퇴계로49길 35 (충무로5가, 1층)				37.562989	126.998998	LOCALDATA					영업									추정									제보검토중		시딩v2(인허가+상가I20303)	
	라멘트럭 건대점		서울특별시 광진구 광나루로22가길 18, 1층 102호 (화양동)				37.545717	127.075918	LOCALDATA					영업									추정									제보검토중		시딩v2(인허가+상가I20303)	
	아타타카이 라멘		서울특별시 송파구 송파대로42길 26-1, 1층 101호 (송파동)				37.505954	127.110521	LOCALDATA					영업									추정									제보검토중		시딩v2(인허가+상가I20303)	
	라멘 보루도 서순라본점		서울특별시 종로구 서순라길 123-8, 1층 (권농동)				37.575598	126.991129	LOCALDATA					영업									추정									제보검토중		시딩v2(인허가+상가I20303)	
	초이라멘		서울특별시 종로구 율곡로 290-2, 지상1층 (종로6가)				37.573700	127.011456	LOCALDATA					영업									추정									제보검토중		시딩v2(인허가+상가I20303+상가I20303)	좌표 불일치(150m+) — 위치 확인 필요
	오레노 라멘안국		서울특별시 종로구 율곡로 49-4, 사비나미술관 1층 101호 (안국동)				37.576520	126.984570	LOCALDATA					영업									추정									제보검토중		시딩v2(인허가+상가I20303)	
	혼다라멘		서울특별시 종로구 종로 266, 동대문종합시장  B동 6층 10호 (종로6가)				37.570802	127.006926	LOCALDATA					영업									추정									제보검토중		시딩v2(인허가+상가I20303)	
	니지라멘		서울특별시 종로구 대학로1길 34, 지하1층 (연지동)				37.572002	127.000478	LOCALDATA					영업									추정									제보검토중		시딩v2(인허가+상가I20303)	
	츠키라멘		서울특별시 종로구 종로 19, 르메이에르종로타운1 지하 1층 제B108-1-3호 (종로1가)				37.570852	126.979919	LOCALDATA					영업									추정									제보검토중		시딩v2(인허가+상가I20303)	
	째즈&라멘		서울특별시 종로구 명륜3길 4 (명륜3가)				37.589021	126.994570	LOCALDATA					영업									추정									제보검토중		시딩v2(인허가+상가I20303)	
	멘야산다이메		서울특별시 종로구 창경궁로26길 38-2 (명륜4가,(지상1층))				37.581798	126.999724	LOCALDATA					영업									추정									제보검토중		시딩v2(인허가+상가)	
	코이라멘 종로점		서울특별시 종로구 종로 19, 르메이에르종로타운1 지상 2층 219-2호 (종로1가)				37.570852	126.979919	LOCALDATA					영업									추정									제보검토중		시딩v2(인허가+상가I20303)	
	쿄오모라멘		서울특별시 중구 다산로8길 16 (신당동, 1층)				37.552739	127.010288	LOCALDATA					영업									추정									제보검토중		시딩v2(인허가+상가I20303)	
	콩나물떡라면집		서울특별시 중구 청파로 445-1, 1층 (중림동)				37.559198	126.968585	LOCALDATA					영업									추정									제보검토중		시딩v2(인허가)	
	129라멘하우스		서울특별시 중구 다산로 129, 지하1층 (신당동)				37.555435	127.010729	LOCALDATA					영업									추정									제보검토중		시딩v2(인허가+상가I20303)	
	서양라멘		서울특별시 중구 세종대로2가길 26, 1층 (남대문로5가)				37.558084	126.975067	LOCALDATA					영업									추정									제보검토중		시딩v2(인허가+상가I20303)	
	라멘담뽀뽀		서울특별시 중구 퇴계로 72 (회현동1가,리더스뷰남산 지하1층 123호, 124호)				37.559121	126.980601	LOCALDATA					영업									추정									제보검토중		시딩v2(인허가+상가I20303)	
	신승호 라멘집		서울특별시 중구 필동로 22 (필동3가, 1층)				37.559599	126.996050	LOCALDATA					영업									추정									제보검토중		시딩v2(인허가)	
	쿄오모라멘 신당						37.563892	127.014788	LOCALDATA					영업									추정									제보검토중		시딩v2(인허가)	
	조선라멘		서울특별시 중구 동호로12길 69, 1층 (신당동)				37.558318	127.011697	LOCALDATA					영업									추정									제보검토중		시딩v2(인허가)	
	라멘81번옥		서울특별시 용산구 서빙고로91나길 92, 1층 4호 (동빙고동)				37.524833	126.996228	LOCALDATA					영업									추정									제보검토중		시딩v2(인허가+상가I20303)	
	보스라멘		서울특별시 용산구 청파로 74 (한강로3가, 16-9외6필지 용산전자랜드 지상6층)				37.532814	126.959728	LOCALDATA					영업									추정									제보검토중		시딩v2(인허가)	
	오빠라멘		서울특별시 용산구 보광로 124, 1층 (이태원동)				37.533846	126.994296	LOCALDATA					영업									추정									제보검토중		시딩v2(인허가+상가I20303)	
	멘야서울 용산본점		서울특별시 용산구 청파로 77, 원효전자상가 1층 100,103호 (한강로3가)				37.533360	126.960836	LOCALDATA					영업									추정									제보검토중		시딩v2(인허가)	
	토마라멘		서울특별시 용산구 원효로89길 13-14, 1층 (원효로1가)				37.540355	126.967691	LOCALDATA					영업									추정									제보검토중		시딩v2(인허가+상가I20303)	
	멘야산다이메		서울특별시 용산구 보광로60길 10, 1층 (이태원동)				37.533870	126.994708	LOCALDATA					영업									추정									제보검토중		시딩v2(인허가+상가)	
	라멘짱 용산점		서울특별시 용산구 한강대로23길 55, 아이파크몰 7층 (한강로3가)				37.529557	126.964157	LOCALDATA					영업									추정									제보검토중		시딩v2(인허가)	
	멘야서울 용산아이파크몰점		서울특별시 용산구 한강대로23길 55, 용산아이파크몰 7층 (한강로3가)				37.529557	126.964157	LOCALDATA					영업									추정									제보검토중		시딩v2(인허가+상가)	
	레이 라멘(Rei Ramen)		서울특별시 용산구 한강대로104라길 39, 1층 (후암동)				37.549193	126.975990	LOCALDATA					영업									추정									제보검토중		시딩v2(인허가+상가I20303)	
	라멘 새노야		서울특별시 성동구 마조로11길 5, 1층 (행당동)				37.561697	127.040850	LOCALDATA					영업									추정									제보검토중		시딩v2(인허가+상가I20303)	
	멘야코노하 성수		서울특별시 성동구 왕십리로4길 10-1, 1층 (성수동1가)				37.545659	127.045898	LOCALDATA					영업									추정									제보검토중		시딩v2(인허가+상가)	
	멘야포모 서울숲점		서울특별시 성동구 서울숲4길 28, 2층 (성수동1가)				37.546908	127.043884	LOCALDATA					영업									추정									제보검토중		시딩v2(인허가+상가)	
	소노키라멘 한양대점		서울특별시 성동구 마조로1길 2, 지상1층 (행당동, 20-17)				37.558322	127.040193	LOCALDATA					영업									추정									제보검토중		시딩v2(인허가)	
	치카이라멘		서울특별시 성동구 한림말3길 15-16, 1층 (옥수동, 대건속셈학원)				37.542282	127.015378	LOCALDATA					영업									추정									제보검토중		시딩v2(인허가+상가I20303)	
	후쿠쵸라멘 본점		서울특별시 성동구 왕십리로 410, L동 지하1층 B125호 (하왕십리동, 센트라스)				37.566553	127.024076	LOCALDATA					영업									추정									제보검토중		시딩v2(인허가+상가I20303)	
	소노키라멘 건대본점		서울특별시 광진구 동일로20길 88, 2층 (자양동)				37.539945	127.068349	LOCALDATA					영업									추정									제보검토중		시딩v2(인허가+상가I20303)	
	이찌방라멘&카츠카레		서울특별시 광진구 능동로19길 9, 지하1층 1호 (화양동)				37.546928	127.073187	LOCALDATA					영업									추정									제보검토중		시딩v2(인허가)	
	우마이라멘&마제소바		서울특별시 광진구 능동로19길 9, 지하1층 2호 (화양동)				37.546928	127.073187	LOCALDATA					영업									추정									제보검토중		시딩v2(인허가)	
	혼다라멘		서울특별시 광진구 자양로18길 32, 1층 (구의동)				37.537728	127.085300	LOCALDATA					영업									추정									제보검토중		시딩v2(인허가+상가I20303+상가I20303)	
	라멘미세		서울특별시 광진구 능동로38길 30 (중곡동)				37.557161	127.081379	LOCALDATA					영업									추정									제보검토중		시딩v2(인허가+상가I20303)	
	초라멘		서울특별시 광진구 능동로13길 80, 1층 (화양동)				37.545168	127.068904	LOCALDATA					영업									추정									제보검토중		시딩v2(인허가+상가I20303)	
	따띠라멘		서울특별시 광진구 천호대로121길 22, 1층 (중곡동)				37.556228	127.086534	LOCALDATA					영업									추정									제보검토중		시딩v2(인허가)	
	멘야카오리		서울특별시 동대문구 답십리로68길 10, 1층 (장안동)				37.571993	127.069533	LOCALDATA					영업									추정									제보검토중		시딩v2(인허가+상가)	
	수유라멘 경희대점		서울특별시 동대문구 회기로21길 29, 1층 (회기동)				37.592709	127.053160	LOCALDATA					영업									추정									제보검토중		시딩v2(인허가)	
	늘보라멘		서울특별시 동대문구 회기로4길 3, 1층 (제기동)				37.591001	127.037528	LOCALDATA					영업									추정									제보검토중		시딩v2(인허가+상가I20303)	
	라멘짱 청량리역점		서울특별시 동대문구 왕산로 214, 청량리역,롯데백화점 3층 316호 (전농동)				37.580977	127.046993	LOCALDATA					영업									추정									제보검토중		시딩v2(인허가)	
	후쿠라멘		서울특별시 동대문구 한빛로 11, 1층 (신설동)				37.577038	127.024615	LOCALDATA					영업									추정									제보검토중		시딩v2(인허가+상가I20303)	
	우시라멘(우리의시작은라멘이였다)		서울특별시 동대문구 이문로 88-11, 1층 (이문동)				37.594873	127.059666	LOCALDATA					영업									추정									제보검토중		시딩v2(인허가+상가I20303)	
	라멘트럭 장안점		서울특별시 동대문구 장한로12길 49, 1층 (장안동)				37.565156	127.070349	LOCALDATA					영업									추정									제보검토중		시딩v2(인허가+상가I20303)	
	멘야카오리(동부시장점)		서울특별시 중랑구 망우로32길 23, 중랑교쇼핑센터 1층 9호 (상봉동)				37.592946	127.077115	LOCALDATA					영업									추정									제보검토중		시딩v2(인허가+상가)	
	파파라멘		서울특별시 중랑구 사가정로50길 5 (면목동, 1층)				37.580541	127.086590	LOCALDATA					영업									추정									제보검토중		시딩v2(인허가+상가I20303)	
	대부라멘		서울특별시 성북구 고려대로26길 14, 102호 (안암동5가)				37.585530	127.029823	LOCALDATA					영업									추정									제보검토중		시딩v2(인허가+상가I20303)	
	소라라멘		서울특별시 성북구 화랑로 104, 지상1층 (하월곡동)				37.603332	127.043338	LOCALDATA					영업									추정									제보검토중		시딩v2(인허가+상가I20303)	
	멘야리(MenyaLee)		서울특별시 성북구 동소문로20다길 30-11, 1층 (동선동1가)				37.591695	127.018587	LOCALDATA					영업									추정									제보검토중		시딩v2(인허가+상가)	
	요라멘		서울특별시 성북구 정릉로26길 55, 1층 (정릉동)				37.602958	127.012925	LOCALDATA					영업									추정									제보검토중		시딩v2(인허가+상가I20303)	
	신의한수&라멘		서울특별시 성북구 안암로9가길 80-17, 1층 3호 (안암동5가)				37.582812	127.028643	LOCALDATA					영업									추정									제보검토중		시딩v2(인허가+상가I20303)	
	와다라멘		서울특별시 성북구 삼선교로10길 8, 1층 (삼선동1가)						LOCALDATA					영업									추정									제보검토중		시딩v2(인허가)	
	고도라멘		서울특별시 강북구 오패산로77길 4 (번동)				37.637346	127.026201	LOCALDATA					영업									추정									제보검토중		시딩v2(인허가+상가I20303)	
	수유라멘 점심 저녁 찐맛 무료주차		서울특별시 강북구 한천로131길 17, 1층 (번동)[*미고시]				37.638441	127.027421	LOCALDATA					영업									추정									제보검토중		시딩v2(인허가+상가I20303)	
	세종라멘		서울특별시 도봉구 도봉로114길 43, 1층 (창동)				37.647636	127.036716	LOCALDATA					영업									추정									제보검토중		시딩v2(인허가+상가I20303)	
	멘야코노하		서울특별시 도봉구 우이천로20길 7 (창동,건영A상가 103동 118호)				37.641440	127.034034	LOCALDATA					영업									추정									제보검토중		시딩v2(인허가+상가)	
	우시라멘		서울특별시 도봉구 마들로 548, 1층 102호 (창동, 창동역 블루핀 2동)				37.660365	127.049948	LOCALDATA					영업									추정									제보검토중		시딩v2(인허가+상가I20303)	
	멘야리 노원본점		서울특별시 노원구 상계로1길 14-11, A동 112호 (상계동, 하이웰빙상가)				37.657003	127.061873	LOCALDATA					영업									추정									제보검토중		시딩v2(인허가+상가)	
	멘야 다이고미		서울특별시 은평구 통일로 889, 국용빌딩 1층 (갈현동)				37.622292	126.919496	LOCALDATA					영업									추정									제보검토중		시딩v2(인허가+상가)	
	오레노라멘 은평		서울특별시 은평구 불광천길 366 (응암동, 1층)				37.590308	126.914362	LOCALDATA					영업									추정									제보검토중		시딩v2(인허가+상가I20303)	
	주돈라멘		서울특별시 은평구 은평로 220, B동 1층 121호 (응암동, 녹번역e편한세상캐슬)						LOCALDATA					영업									추정									제보검토중		시딩v2(인허가)	
	야마노라멘		서울특별시 서대문구 명물1길 2, 1층 (창천동)				37.557919	126.937355	LOCALDATA					영업									추정									제보검토중		시딩v2(인허가+상가I20303)	
	네츠라멘		서울특별시 서대문구 통일로39나길 1, 1층 좌측 (홍제동)				37.588462	126.943450	LOCALDATA					영업									추정									제보검토중		시딩v2(인허가+상가I20303)	
	마마노라멘						37.568047	126.964095	LOCALDATA					영업									추정									제보검토중		시딩v2(인허가)	
	스스라멘		서울특별시 서대문구 연세로 42-32, 1층 (창천동)				37.559248	126.938771	LOCALDATA					영업									추정									제보검토중		시딩v2(인허가+상가I20303)	
	카라멘야 주식회사		서울특별시 서대문구 연세로7안길 34-1, 1층 (창천동)				37.558240	126.934837	LOCALDATA					영업									추정									제보검토중		시딩v2(인허가+상가I20303)	
	토나리 라멘		서울특별시 서대문구 세무서길 78, 1층 일부호 (홍제동)				37.591176	126.946978	LOCALDATA					영업									추정									제보검토중		시딩v2(인허가+상가I20303)	
	삿포로 미소라멘 에류테(永龍亭)		서울특별시 마포구 월드컵북로 402, B122호 (상암동, KGIT센터)				37.580056	126.889000	LOCALDATA					영업									추정									제보검토중		시딩v2(인허가+상가I20303)	
	멘야산다이메		서울특별시 마포구 홍익로5안길 24, 1층 (서교동)				37.553684	126.921444	LOCALDATA					영업									추정									제보검토중		시딩v2(인허가+상가)	
	멘야붕		서울특별시 마포구 백범로31길 21, 서울창업허브 3층 개별주방 3호 (공덕동)				37.546745	126.949975	LOCALDATA					영업									추정									제보검토중		시딩v2(인허가)	
	이리에라멘		서울특별시 마포구 성지1길 18 (합정동, 1층)				37.548069	126.914384	LOCALDATA					영업									추정									제보검토중		시딩v2(인허가+상가I20303)	
	오레노라멘		서울특별시 마포구 독막로8길 16, 1층 (합정동)				37.547253	126.917815	LOCALDATA					영업									추정									제보검토중		시딩v2(인허가+상가I20303)	
	멘야준		서울특별시 마포구 동교로 128, 1층 (서교동)				37.554813	126.916441	LOCALDATA					영업									추정									제보검토중		시딩v2(인허가+상가)	
	라멘파이터즈		서울특별시 마포구 동교로38길 27-14, 지1층 일부호 (연남동)				37.561967	126.926199	LOCALDATA					영업									추정									제보검토중		시딩v2(인허가+상가I20303)	
	마츠에라멘		서울특별시 마포구 동교로 126 (서교동, 광남벨라스 1층 106호)				37.554736	126.916208	LOCALDATA					영업									추정									제보검토중		시딩v2(인허가+상가I20303)	
	하나라멘		서울특별시 마포구 동교로38길 27-4, 1층 (연남동)				37.561649	126.925761	LOCALDATA					영업									추정									제보검토중		시딩v2(인허가+상가I20303)	
	멘쇼우라멘 상암DMC점		서울특별시 마포구 월드컵북로54길 17, 사보이시티디엠씨 지하1층 B113호 (상암동)				37.581325	126.888542	LOCALDATA					영업									추정									제보검토중		시딩v2(인허가+상가I20303)	
	멘야  다이고미 홍대점		서울특별시 마포구 월드컵북로 41, 1층 102호 (서교동)				37.557943	126.918094	LOCALDATA					영업									추정									제보검토중		시딩v2(인허가+상가)	
	라멘클럽 사이		서울특별시 마포구 성지3길 19, 1층 102호 (합정동)				37.546806	126.914189	LOCALDATA					영업									추정									제보검토중		시딩v2(인허가)	
	니시무라멘 연남본점		서울특별시 마포구 동교로 265, 4층 (연남동)				37.563374	126.925263	LOCALDATA					영업									추정									제보검토중		시딩v2(인허가)	
	지로우 라멘		서울특별시 마포구 와우산로29가길 79 (서교동,1층)				37.553690	126.925150	LOCALDATA					영업									추정									제보검토중		시딩v2(인허가+상가I20303)	
	세상끝의라멘		서울특별시 마포구 양화로7길 6-5, 2층 201호 (서교동, 와와빌딩)				37.551607	126.915207	LOCALDATA					영업									추정									제보검토중		시딩v2(인허가+상가I20303)	
	카메야라멘		서울특별시 강서구 강서로 489-4, 2층 (가양동)				37.569524	126.841138	LOCALDATA					영업									추정									제보검토중		시딩v2(인허가+상가I20303)	
	kokoro 라멘		서울특별시 강서구 초록마을로 4, 1층 일부호 (화곡동)				37.545007	126.844758	LOCALDATA					영업									추정									제보검토중		시딩v2(인허가)	
	신센라멘 마곡점		서울특별시 강서구 마곡중앙로 161-17, 보타닉파크타워Ⅰ 1층 114호 (마곡동)				37.568065	126.825972	LOCALDATA					영업									추정									제보검토중		시딩v2(인허가+상가I20303)	
	미스터라멘		서울특별시 강서구 금낭화로 91-2, 1층 104호 (방화동, 1동 대승프라자)				37.573673	126.811093	LOCALDATA					영업									추정									제보검토중		시딩v2(인허가)	
	계단라멘		서울특별시 강서구 마곡중앙6로 42, 사이언스타 1층 122호 (마곡동)				37.560120	126.832097	LOCALDATA					영업									추정									제보검토중		시딩v2(인허가+상가I20303)	
	라멘짱 앤 청계산뚝배기수제비		서울특별시 강서구 하늘길 112, 김포공항 1층 (공항동)				37.556756	126.808473	LOCALDATA					영업									추정									제보검토중		시딩v2(인허가)	
	오로지라멘 구로지타워몰점		서울특별시 구로구 디지털로26길 38, G-SQUARE 1층 B239호 (구로동)				37.479902	126.895224	LOCALDATA					영업									추정									제보검토중		시딩v2(인허가+상가I20303)	
	라멘짱 디큐브점		서울특별시 구로구 경인로 662, 지하 2층 (신도림동, 디큐브시티)						LOCALDATA					영업									추정									제보검토중		시딩v2(인허가)	
	교레츠라멘_신도림		서울특별시 구로구 경인로 643, 205동 1층 115호 (신도림동, 신도림2차동아아파트)				37.508648	126.886207	LOCALDATA					영업									추정									제보검토중		시딩v2(인허가+상가I20303+상가I20303)	
	지로우라멘		서울특별시 영등포구 영중로 15, 타임스퀘어 지하1층 (영등포동4가)						LOCALDATA					영업									추정									제보검토중		시딩v2(인허가)	
	로라멘		서울특별시 영등포구 도림로131길 17, 1층 (문래동2가)				37.513981	126.893766	LOCALDATA					영업									추정									제보검토중		시딩v2(인허가+상가I20303)	
	정라멘		서울특별시 영등포구 도림로 491, 1층 (문래동4가)				37.516843	126.889198	LOCALDATA					영업									추정									제보검토중		시딩v2(인허가+상가I20303)	
	오로지라멘 서여의도점		서울특별시 영등포구 은행로 29, 정우빌딩 지하1층 7호 (여의도동)				37.529065	126.921900	LOCALDATA					영업									추정									제보검토중		시딩v2(인허가+상가I20303)	
	멘야사케야		서울특별시 영등포구 영중로 139, 1층 101,102,110,111,112,113,114호 (영등포동8가)				37.528750	126.905538	LOCALDATA					영업									추정									제보검토중		시딩v2(인허가+상가)	
	멘야이찌방		서울특별시 영등포구 경인로 706, 한양빌딩 1층 103호 (문래동1가)				37.510995	126.892568	LOCALDATA					영업									추정									제보검토중		시딩v2(인허가+상가)	
	더라멘워(The Ramen War)		서울특별시 영등포구 여의대로 108, 더현대서울 지하1층 (여의도동)						LOCALDATA					영업									추정									제보검토중		시딩v2(인허가)	
	소노키라멘 영등포점		서울특별시 영등포구 국회대로56길 13, 1층 103호 (영등포동7가)				37.524160	126.909869	LOCALDATA					영업									추정									제보검토중		시딩v2(인허가)	
	텐진라멘		서울특별시 영등포구 당산로 111-4 (당산동3가, 1층)				37.521041	126.890770	LOCALDATA					영업									추정									제보검토중		시딩v2(인허가+상가I20303)	
	아오리라멘 서울문래점		서울특별시 영등포구 문래북로 108, 101호 (문래동3가, 문래동 태영 데시앙)				37.519596	126.897378	LOCALDATA					영업									추정									제보검토중		시딩v2(인허가+상가I20303)	
	멘야무테키		서울특별시 영등포구 당산로 42 (문래동3가, 2층(일부))				37.518227	126.895924	LOCALDATA					영업									추정									제보검토중		시딩v2(인허가+상가)	
	텐진라멘 문래		서울특별시 영등포구 문래북로 49, 1층 (양평동1가)				37.521031	126.890766	LOCALDATA					영업									추정									제보검토중		시딩v2(인허가)	
	도쿄라멘3900		서울특별시 동작구 상도로67길 31, 1층 (상도동)				37.495039	126.956409	LOCALDATA					영업									추정									제보검토중		시딩v2(인허가+상가I20303)	
	라멘81번옥		서울특별시 동작구 만양로14가길 30-9, 1층 (노량진동)				37.512894	126.945207	LOCALDATA					영업									추정									제보검토중		시딩v2(인허가+상가I20303)	
	코우짱 라멘		서울특별시 관악구 봉천로 227, 보라매샤르망 제1층 제101,102호 (봉천동)				37.490028	126.927106	LOCALDATA					영업									추정									제보검토중		시딩v2(인허가+상가I20303)	
	동경라멘학교		서울특별시 서초구 신반포로 176, 신세계백화점 강남점 지하1층 식품관 (반포동)				37.504364	127.003621	LOCALDATA					영업									추정									제보검토중		시딩v2(인허가)	
	사토이라멘		서울특별시 서초구 서초대로48길 108, 정일빌딩 1층 102호 (서초동)				37.488222	127.012396	LOCALDATA					영업									추정									제보검토중		시딩v2(인허가+상가I20303)	
	라멘짱 반포점		서울특별시 서초구 신반포로 194, 고속버스터미널 본관1층 점포9호 (반포동)				37.505518	127.007063	LOCALDATA					영업									추정									제보검토중		시딩v2(인허가)	
	쇼부 일본라멘 전문점 (강남고속터미널1호점)		서울특별시 서초구 신반포로 지하 200, 지하1층 T-019호 (반포동, 강남터미널 지하쇼핑몰)				37.506078	127.004946	LOCALDATA					영업									추정									제보검토중		시딩v2(인허가)	
	라멘토카이		서울특별시 서초구 효령로31길 16, 1층 (방배동)				37.481979	126.996544	LOCALDATA					영업									추정									제보검토중		시딩v2(인허가)	
	멘야하나비 신사점		서울특별시 서초구 강남대로101안길 18-1 (잠원동)				37.516273	127.017562	LOCALDATA					영업									추정									제보검토중		시딩v2(인허가+상가)	
	오로지라멘 방배카페점		서울특별시 서초구 방배중앙로 188, 2동 1층 312호 (방배동, 삼호상가)				37.495979	126.985808	LOCALDATA					영업									추정									제보검토중		시딩v2(인허가+상가I20303)	
	호시라멘		서울특별시 서초구 방배천로2안길 39, 1층 (방배동)				37.478751	126.983801	LOCALDATA					영업									추정									제보검토중		시딩v2(인허가+상가I20303)	
	사가라멘 강남역점		서울특별시 서초구 서초대로77길 9, 1층 102호 (서초동, 누드죤빌딩 )				37.498584	127.026223	LOCALDATA					영업									추정									제보검토중		시딩v2(인허가+상가I20303)	
	코이라멘 서초점		서울특별시 서초구 효령로72길 57, E-B103호 (서초동)				37.486822	127.028382	LOCALDATA					영업									추정									제보검토중		시딩v2(인허가+상가I20303)	
	강남역 라면집		서울특별시 서초구 강남대로61길 19, 102호 (서초동,벨라채오피스텔)				37.498512	127.024711	LOCALDATA					영업									추정									제보검토중		시딩v2(인허가)	
	멘야시노기		서울특별시 서초구 주흥길 3, 108호, 109호 (반포동)				37.503785	127.020750	LOCALDATA					영업									추정									제보검토중		시딩v2(인허가+상가)	
	갓포라멘		서울특별시 강남구 선릉로155길 21, 지상1층 (신사동)				37.525493	127.037936	LOCALDATA					영업									추정									제보검토중		시딩v2(인허가+상가I20303)	
	라멘모토		서울특별시 강남구 도산대로13길 14-4, 202호 (신사동)				37.518878	127.023606	LOCALDATA					영업									추정									제보검토중		시딩v2(인허가)	
	우시라멘		서울특별시 강남구 논현로20길 22, 지상1층 101호 (개포동, YH빌리지)				37.478244	127.046664	LOCALDATA					영업									추정									제보검토중		시딩v2(인허가+상가I20303)	
	킨카이자카야 킨톤라멘		서울특별시 강남구 도산대로45길 10-5, 지하1층 (신사동)				37.523428	127.036206	LOCALDATA					영업									추정									제보검토중		시딩v2(인허가)	
	마이니치라멘 선정릉점		서울특별시 강남구 봉은사로63길 7, 수목빌딩 지상1층 102호 (삼성동)				37.511845	127.046981	LOCALDATA					영업									추정									제보검토중		시딩v2(인허가+상가I20303)	
	하쿠라멘 한티점		서울특별시 강남구 선릉로64길 6, 지상1층 3호 (대치동)				37.497667	127.052928	LOCALDATA					영업									추정									제보검토중		시딩v2(인허가+상가I20303)	
	코지라멘		서울특별시 강남구 선릉로86길 6-4, 지상1층 (대치동)				37.502880	127.050354	LOCALDATA					영업									추정									제보검토중		시딩v2(인허가+상가I20303)	
	푸드스타사가라멘		서울특별시 강남구 강남대로154길 43 (신사동,지상1층102호)				37.518692	127.022397	LOCALDATA					영업									추정									제보검토중		시딩v2(인허가+상가I20303)	
	코이라멘 도산점(하우스 오브 코이)		서울특별시 강남구 압구정로46길 75, 지상2층 (신사동)				37.523830	127.036710	LOCALDATA					영업									추정									제보검토중		시딩v2(인허가)	
	태양의토마토라멘		서울특별시 강남구 강남대로106길 7, 2층 (역삼동)				37.502992	127.026223	LOCALDATA					영업									추정									제보검토중		시딩v2(인허가)	
	슈퍼라멘		서울특별시 강남구 논현로105길 6-5, 1층 (역삼동)				37.506300	127.033547	LOCALDATA					영업									추정									제보검토중		시딩v2(인허가)	
	유타로 라멘 논현점		서울특별시 강남구 봉은사로29길 8, 유정빌딩 1층 102호 (논현동)				37.508349	127.034758	LOCALDATA					영업									추정									제보검토중		시딩v2(인허가+상가I20303)	
	더라멘워(THE RAMEN WAR)		서울특별시 강남구 테헤란로 517, 현대백화점 무역센터 지하1층 (삼성동)				37.508595	127.059719	LOCALDATA					영업									추정									제보검토중		시딩v2(인허가)	
	오또상 라멘		서울특별시 강남구 논현로175길 40, 지상1층 102호,104호 (신사동)				37.525091	127.025332	LOCALDATA					영업									추정									제보검토중		시딩v2(인허가+상가I20303)	
	오또상 라멘 신논현역점		서울특별시 강남구 봉은사로6길 26, 1층 (역삼동)				37.503333	127.027100	LOCALDATA					영업									추정									제보검토중		시딩v2(인허가)	
	마이니치라멘		서울특별시 강남구 언주로85길 13, 상가동 지상1층 113-1호 (역삼동, 경남아파트)				37.509878	127.035447	LOCALDATA					영업									추정									제보검토중		시딩v2(인허가+상가I20303)	
	이치바 라멘		서울특별시 강남구 압구정로29길 72-1, 신사상가 지상1층 B-4-1호 (압구정동)						LOCALDATA					영업									추정									제보검토중		시딩v2(인허가)	
	울트라멘		서울특별시 강남구 강남대로122길 14 (논현동,지상1층)				37.507860	127.024338	LOCALDATA					영업									추정									제보검토중		시딩v2(인허가+상가I20303)	
	멘야 유메미루		서울특별시 강남구 테헤란로43길 28, 지상1층 (역삼동)				37.505019	127.044203	LOCALDATA					영업									추정									제보검토중		시딩v2(인허가+상가+상가)	
	라멘 호토리		서울특별시 강남구 삼성로 434, 익성대치 지상1층 (대치동)				37.505702	127.057668	LOCALDATA					영업									추정									제보검토중		시딩v2(인허가+상가I20303)	
	태양의 토마토라멘		서울특별시 강남구 선릉로64길 17 (대치동)				37.498244	127.053654	LOCALDATA					영업									추정									제보검토중		시딩v2(인허가)	
	역삼라멘		서울특별시 강남구 언주로107길 38, 지상1층 101호 (역삼동)				37.507229	127.036093	LOCALDATA					영업									추정									제보검토중		시딩v2(인허가+상가I20303)	
	카도야라멘 가로수직영점		서울특별시 강남구 압구정로10길 30-3, 지하1층 (신사동)				37.521733	127.021708	LOCALDATA					영업									추정									제보검토중		시딩v2(인허가)	
	덴키라멘(DENKI RAMEN)		서울특별시 강남구 논현로30길 43, 지상1층 (도곡동)				37.484915	127.045111	LOCALDATA					영업									추정									제보검토중		시딩v2(인허가+상가I20303)	
	유라멘 강남역삼신논현역CGV점심저녁		서울특별시 강남구 봉은사로4길 32, 지상1층 (역삼동)				37.502779	127.026657	LOCALDATA					영업									추정									제보검토중		시딩v2(인허가)	
	쇼부라멘 대웅제약점		서울특별시 강남구 봉은사로114길 12, 대웅제약빌딩 지하1층 4호 (삼성동)				37.514486	127.065479	LOCALDATA					영업									추정									제보검토중		시딩v2(인허가+상가I20303)	
	쇼부라멘 수서역점		서울특별시 강남구 광평로 280, 로즈데일오피스텔 지상1층 112호 (수서동)				37.487322	127.103109	LOCALDATA					영업									추정									제보검토중		시딩v2(인허가+상가I20303)	
	멘야미코		서울특별시 강남구 삼성로 642, 1층 103호 (삼성동)				37.517395	127.051321	LOCALDATA					영업									추정									제보검토중		시딩v2(인허가+상가)	
	멘야 길조		서울특별시 강남구 논현로76길 34, 지상1층 102호 (역삼동)				37.497732	127.041541	LOCALDATA					영업									추정									제보검토중		시딩v2(인허가+상가)	
	오레노라멘강남		서울특별시 강남구 테헤란로1길 28-9, 성은빌딩 2층 (역삼동)				37.500499	127.028080	LOCALDATA					영업									추정									제보검토중		시딩v2(인허가+상가I20303)	
	와다라멘 역삼점		서울특별시 강남구 테헤란로 309, 삼성제일빌딩 지하1층 6호 (역삼동)				37.503661	127.044295	LOCALDATA					영업									추정									제보검토중		시딩v2(인허가)	
	마이니치라멘		서울특별시 강남구 언주로115길 15, 지상1층 102호 (논현동)				37.509866	127.035464	LOCALDATA					영업									추정									제보검토중		시딩v2(인허가)	
	멘야산다이메논현		서울특별시 강남구 강남대로114길 23, 101호 (논현동)				37.506286	127.026139	LOCALDATA					영업									추정									제보검토중		시딩v2(인허가)	
	코이라멘 압구정점		서울특별시 강남구 압구정로32길 11, 캐럴라인타워 지상1층 107호 (신사동)				37.526916	127.030216	LOCALDATA					영업									추정									제보검토중		시딩v2(인허가+상가I20303)	
	라면집		서울특별시 강남구 테헤란로83길 19 (삼성동)				37.508595	127.057226	LOCALDATA					영업									추정									제보검토중		시딩v2(인허가)	
	하쿠라멘		서울특별시 강남구 남부순환로359길 4, 지상1층 (도곡동)				37.485438	127.037180	LOCALDATA					영업									추정									제보검토중		시딩v2(인허가+상가I20303)	
	코이라멘		서울특별시 송파구 올림픽로34길 16, 1층 (방이동)				37.515094	127.110921	LOCALDATA					영업									추정									제보검토중		시딩v2(인허가+상가I20303)	
	태양의 토마토라멘 송리단길점		서울특별시 송파구 백제고분로45길 22-1, 2층 (송파동)				37.510149	127.109154	LOCALDATA					영업									추정									제보검토중		시딩v2(인허가)	
	하루토라멘		서울특별시 송파구 송파대로28길 24, 105-2호 (가락동,밀리아나오피스텔 지상1층)				37.494314	127.120561	LOCALDATA					영업									추정									제보검토중		시딩v2(인허가)	
	수라멘		서울특별시 송파구 송파대로 345, 1B동 지하1층 176호,177호 (가락동, 헬리오시티)				37.497612	127.102535	LOCALDATA					영업									추정									제보검토중		시딩v2(인허가+상가I20303)	
	멘야끼		서울특별시 강동구 양재대로85길 14, 202호 (성내동, 태천빌딩)				37.524628	127.134004	LOCALDATA					영업									추정									제보검토중		시딩v2(인허가+상가)	
	원라멘		서울특별시 강동구 구천면로 427, 삼우빌딩 1층 107호 (명일동)				37.550539	127.146145	LOCALDATA					영업									추정									제보검토중		시딩v2(인허가+상가I20303)	
	멘야세븐		서울특별시 강동구 양재대로112길 45, 1층 (길동)				37.536435	127.142301	LOCALDATA					영업									추정									제보검토중		시딩v2(인허가+상가)	
	하타나카라멘		서울특별시 용산구 이태원로 230-1				37.535543	126.999355	상가정보					영업									추정									제보검토중		시딩v2(상가I20303+상가I20303)	I20303 발굴 — 라멘 여부 확인 필요
	아웃나우1호	동대문	서울특별시 중구 장충단로13길 20				37.568736	127.007675	상가정보					영업									추정									제보검토중		시딩v2(상가I20303)	I20303 발굴 — 라멘 여부 확인 필요
	멘무샤		서울특별시 구로구 디지털로 288				37.483572	126.895505	상가정보					영업									추정									제보검토중		시딩v2(상가I20303)	I20303 발굴 — 라멘 여부 확인 필요
	진가와광화문점	코리아	서울특별시 종로구 종로1길 50				37.574726	126.979024	상가정보					영업									추정									제보검토중		시딩v2(상가I20303)	I20303 발굴 — 라멘 여부 확인 필요
	아오리의행방불명	노원점	서울특별시 노원구 상계로1길 14-11				37.656909	127.061820	상가정보					영업									추정									제보검토중		시딩v2(상가I20303)	I20303 발굴 — 라멘 여부 확인 필요
	손모아아오리의행방불명	명동점	서울특별시 중구 명동10길 35-20				37.562933	126.985807	상가정보					영업									추정									제보검토중		시딩v2(상가I20303)	I20303 발굴 — 라멘 여부 확인 필요
	모퉁이라면집		서울특별시 강남구 테헤란로1길 20				37.499662	127.027809	상가정보					영업									추정									제보검토중		시딩v2(상가)	
	산쪼메보라매	딜리버리점	서울특별시 동작구 보라매로5길 5				37.492353	126.925154	상가정보					영업									추정									제보검토중		시딩v2(상가I20303)	I20303 발굴 — 라멘 여부 확인 필요
	젠푸드히노아지롯데미아점	백화점	서울특별시 강북구 도봉로 62				37.614593	127.030524	상가정보					영업									추정									제보검토중		시딩v2(상가I20303)	I20303 발굴 — 라멘 여부 확인 필요
	멘무샤	시청점	서울특별시 중구 세종대로18길 24				37.563644	126.978483	상가정보					영업									추정									제보검토중		시딩v2(상가I20303)	I20303 발굴 — 라멘 여부 확인 필요
	코이라멘	신천점	서울특별시 송파구 백제고분로7길 8-12				37.509883	127.079716	상가정보					영업									추정									제보검토중		시딩v2(상가I20303)	I20303 발굴 — 라멘 여부 확인 필요
	젠푸드히노아지롯데관악점	백화점	서울특별시 관악구 봉천로 209				37.490551	126.925088	상가정보					영업									추정									제보검토중		시딩v2(상가I20303)	I20303 발굴 — 라멘 여부 확인 필요
	미스터라멘		서울특별시 마포구 독막로3길 33				37.549759	126.917231	상가정보					영업									추정									제보검토중		시딩v2(상가I20303)	I20303 발굴 — 라멘 여부 확인 필요
	젠푸드히노아지롯데백화점	청량리점	서울특별시 동대문구 왕산로 200				37.579891	127.046156	상가정보					영업									추정									제보검토중		시딩v2(상가I20303)	I20303 발굴 — 라멘 여부 확인 필요
	이찌방라멘&카츠카레관악	봉천점	서울특별시 관악구 관악로 211				37.484195	126.954321	상가정보					영업									추정									제보검토중		시딩v2(상가I20303)	I20303 발굴 — 라멘 여부 확인 필요
	산쪼메		서울특별시 광진구 아차산로51길 10				37.537531	127.085391	상가정보					영업									추정									제보검토중		시딩v2(상가I20303)	I20303 발굴 — 라멘 여부 확인 필요
	미가라멘	대학로점	서울특별시 종로구 대학로14길 18-2				37.583999	127.002683	상가정보					영업									추정									제보검토중		시딩v2(상가I20303)	I20303 발굴 — 라멘 여부 확인 필요
	산쪼메		서울특별시 강남구 논현로175길 11				37.525954	127.027558	상가정보					영업									추정									제보검토중		시딩v2(상가I20303)	I20303 발굴 — 라멘 여부 확인 필요
	쇼부일본라멘강남고속터미널1호점	전문점	서울특별시 서초구 신반포로 186-2				37.505918	127.004569	상가정보					영업									추정									제보검토중		시딩v2(상가I20303)	I20303 발굴 — 라멘 여부 확인 필요
	도마;유즈라멘		서울특별시 종로구 북촌로2길 14				37.577836	126.986528	상가정보					영업									추정									제보검토중		시딩v2(상가I20303)	I20303 발굴 — 라멘 여부 확인 필요
	진가와	코리아	서울특별시 중구 을지로5길 19				37.566933	126.984142	상가정보					영업									추정									제보검토중		시딩v2(상가I20303)	I20303 발굴 — 라멘 여부 확인 필요
	모리라멘&돈카츠		서울특별시 관악구 남부순환로 2068				37.476336	126.978554	상가정보					영업									추정									제보검토중		시딩v2(상가I20303)	I20303 발굴 — 라멘 여부 확인 필요
	진가와여의도점	코리아	서울특별시 영등포구 국제금융로2길 17				37.524069	126.926027	상가정보					영업									추정									제보검토중		시딩v2(상가I20303)	I20303 발굴 — 라멘 여부 확인 필요
	코란라멘	신림점	서울특별시 관악구 조원로 170				37.485989	126.921169	상가정보					영업									추정									제보검토중		시딩v2(상가I20303)	I20303 발굴 — 라멘 여부 확인 필요
	미친라멘		서울특별시 강남구 언주로85길 32				37.500929	127.040758	상가정보					영업									추정									제보검토중		시딩v2(상가I20303)	I20303 발굴 — 라멘 여부 확인 필요
	잇또라멘노량진점		서울특별시 동작구 노량진로 110				37.513182	126.938039	상가정보					영업									추정									제보검토중		시딩v2(상가I20303)	I20303 발굴 — 라멘 여부 확인 필요
	정라멘		서울특별시 송파구 삼전로12길 7				37.506505	127.091034	상가정보					영업									추정									제보검토중		시딩v2(상가I20303)	I20303 발굴 — 라멘 여부 확인 필요
	미스터라멘	광화문점	서울특별시 종로구 새문안로 92				37.569734	126.974882	상가정보					영업									추정									제보검토중		시딩v2(상가I20303)	I20303 발굴 — 라멘 여부 확인 필요
	산쪼메		서울특별시 강서구 화곡로 344				37.554299	126.851858	상가정보					영업									추정									제보검토중		시딩v2(상가I20303)	I20303 발굴 — 라멘 여부 확인 필요
	아오리의행방불명	여의도점	서울특별시 영등포구 여의대방로67길 22				37.520701	126.930001	상가정보					영업									추정									제보검토중		시딩v2(상가I20303+상가I20303)	I20303 발굴 — 라멘 여부 확인 필요
	코이라멘	천호점	서울특별시 강동구 천호옛14길 23-5				37.536313	127.126699	상가정보					영업									추정									제보검토중		시딩v2(상가I20303)	I20303 발굴 — 라멘 여부 확인 필요
	멘무샤		서울특별시 강서구 마곡중앙5로 9				37.566015	126.826922	상가정보					영업									추정									제보검토중		시딩v2(상가I20303)	I20303 발굴 — 라멘 여부 확인 필요
	진가와잠실롯데월드몰점		서울특별시 송파구 올림픽로 300				37.513747	127.104446	상가정보					영업									추정									제보검토중		시딩v2(상가I20303)	I20303 발굴 — 라멘 여부 확인 필요
	라면집	강남역	서울특별시 서초구 강남대로61길 19				37.498528	127.024721	상가정보					영업									추정									제보검토중		시딩v2(상가)	
	멘부리		서울특별시 동대문구 제기로2길 23				37.585724	127.033887	상가정보					영업									추정									제보검토중		시딩v2(상가I20303)	I20303 발굴 — 라멘 여부 확인 필요
	라멘떼에스테틱		서울특별시 양천구 목동서로 77				37.535967	126.877986	상가정보					영업									추정									제보검토중		시딩v2(상가)	
	하코야우림점		서울특별시 강서구 양천로 583				37.557117	126.864347	상가정보					영업									추정									제보검토중		시딩v2(상가I20303)	I20303 발굴 — 라멘 여부 확인 필요
	산쪼메이수점		서울특별시 동작구 사당로 300				37.484374	126.980281	상가정보					영업									추정									제보검토중		시딩v2(상가I20303)	I20303 발굴 — 라멘 여부 확인 필요
	아오리의행방불명	강남점	서울특별시 강남구 도곡로1길 14				37.490966	127.032442	상가정보					영업									추정									제보검토중		시딩v2(상가I20303)	I20303 발굴 — 라멘 여부 확인 필요
	텐진라멘		서울특별시 영등포구 당산로 111-4				37.524839	126.895991	상가정보					영업									추정									제보검토중		시딩v2(상가I20303)	I20303 발굴 — 라멘 여부 확인 필요
	산쪼메	목동점	서울특별시 양천구 목동동로 339				37.532191	126.876815	상가정보					영업									추정									제보검토중		시딩v2(상가I20303)	I20303 발굴 — 라멘 여부 확인 필요
	히노아지		서울특별시 강북구 도봉로 193				37.626000	127.025986	상가정보					영업									추정									제보검토중		시딩v2(상가I20303)	I20303 발굴 — 라멘 여부 확인 필요
	산쪼메	홍대점	서울특별시 마포구 홍익로3길 5				37.554115	126.922342	상가정보					영업									추정									제보검토중		시딩v2(상가I20303)	I20303 발굴 — 라멘 여부 확인 필요
	이고라멘		서울특별시 중구 서소문로9길 28				37.563705	126.970040	상가정보					영업									추정									제보검토중		시딩v2(상가I20303)	I20303 발굴 — 라멘 여부 확인 필요
	히노아지포스코	센터점	서울특별시 강남구 테헤란로 440				37.505815	127.056131	상가정보					영업									추정									제보검토중		시딩v2(상가I20303)	I20303 발굴 — 라멘 여부 확인 필요
	코코로라멘		서울특별시 강서구 초록마을로 4				37.545037	126.844770	상가정보					영업									추정									제보검토중		시딩v2(상가I20303)	I20303 발굴 — 라멘 여부 확인 필요
	멘야세븐마포		서울특별시 마포구 마포대로4가길 53				37.537360	126.944819	상가정보					영업									추정									제보검토중		시딩v2(상가)	
	멘부리	신림점	서울특별시 관악구 장군봉1길 46				37.481568	126.942519	상가정보					영업									추정									제보검토중		시딩v2(상가I20303)	I20303 발굴 — 라멘 여부 확인 필요
	멘부리	노원점	서울특별시 노원구 상계로24길 14				37.657751	127.069912	상가정보					영업									추정									제보검토중		시딩v2(상가I20303)	I20303 발굴 — 라멘 여부 확인 필요
	이츠모라멘	신림점	서울특별시 관악구 신림로68길 7				37.486553	126.929716	상가정보					영업									추정									제보검토중		시딩v2(상가I20303)	I20303 발굴 — 라멘 여부 확인 필요
	여러시멘야카오리	문정점	서울특별시 송파구 법원로 114				37.486052	127.121017	상가정보					영업									추정									제보검토중		시딩v2(상가)	
	코코로라멘	잠실점	서울특별시 송파구 석촌호수로 140				37.507018	127.092505	상가정보					영업									추정									제보검토중		시딩v2(상가I20303)	I20303 발굴 — 라멘 여부 확인 필요
	구름라멘		서울특별시 영등포구 선유서로30길 23				37.524832	126.888728	상가정보					영업									추정									제보검토중		시딩v2(상가I20303)	I20303 발굴 — 라멘 여부 확인 필요
	아오리의행방불명광화문	센트럴점	서울특별시 종로구 종로 87-1				37.570438	126.987299	상가정보					영업									추정									제보검토중		시딩v2(상가I20303)	I20303 발굴 — 라멘 여부 확인 필요
	코이라멘장충동점		서울특별시 중구 장충단로 168				37.559789	127.005919	상가정보					영업									추정									제보검토중		시딩v2(상가I20303)	I20303 발굴 — 라멘 여부 확인 필요
	오로지라멘아티스포럼점		서울특별시 구로구 디지털로31길 62				37.486363	126.892426	상가정보					영업									추정									제보검토중		시딩v2(상가I20303)	I20303 발굴 — 라멘 여부 확인 필요
	진심라멘		서울특별시 관악구 관악로14나길 10				37.477664	126.957299	상가정보					영업									추정									제보검토중		시딩v2(상가I20303)	I20303 발굴 — 라멘 여부 확인 필요
	멘부리	영등포점	서울특별시 영등포구 가마산로67길 6				37.506360	126.907383	상가정보					영업									추정									제보검토중		시딩v2(상가I20303)	I20303 발굴 — 라멘 여부 확인 필요
	시클라멘투자조합		서울특별시 송파구 중대로 197				37.499697	127.125959	상가정보					영업									추정									제보검토중		시딩v2(상가I20303)	I20303 발굴 — 라멘 여부 확인 필요
	민부리라멘		서울특별시 송파구 백제고분로19길 32				37.507427	127.087732	상가정보					영업									추정									제보검토중		시딩v2(상가I20303)	I20303 발굴 — 라멘 여부 확인 필요
	카츠앤라멘	동대문	서울특별시 중구 장충단로 249-28				37.567339	127.007561	상가정보					영업									추정									제보검토중		시딩v2(상가I20303)	I20303 발굴 — 라멘 여부 확인 필요
	라면집		서울특별시 중구 동호로 348-1				37.565448	127.002637	상가정보					영업									추정									제보검토중		시딩v2(상가)	
	라멘이자카야쿠잔		서울특별시 광진구 면목로 22				37.555981	127.075962	상가정보					영업									추정									제보검토중		시딩v2(상가I20303)	I20303 발굴 — 라멘 여부 확인 필요
	몬산토에이치피류센소	천호점	서울특별시 강동구 천호대로 1005				37.538974	127.124441	상가정보					영업									추정									제보검토중		시딩v2(상가I20303)	I20303 발굴 — 라멘 여부 확인 필요
	이치홍라멘	반포점	서울특별시 서초구 사평대로55길 72				37.507160	127.021568	상가정보					영업									추정									제보검토중		시딩v2(상가I20303)	I20303 발굴 — 라멘 여부 확인 필요
	화원라멘		서울특별시 강서구 곰달래로53길 19				37.532775	126.859515	상가정보					영업									추정									제보검토중		시딩v2(상가I20303)	I20303 발굴 — 라멘 여부 확인 필요
	멘부리	중랑점	서울특별시 중랑구 용마산로90길 15				37.587725	127.097009	상가정보					영업									추정									제보검토중		시딩v2(상가I20303)	I20303 발굴 — 라멘 여부 확인 필요
	마이니치라멘역삼카모점		서울특별시 강남구 언주로85길 13				37.500550	127.042273	상가정보					영업									추정									제보검토중		시딩v2(상가I20303)	I20303 발굴 — 라멘 여부 확인 필요
	유라멘삼신논현역CGV점심저녁	강남역	서울특별시 강남구 봉은사로4길 32				37.502762	127.026668	상가정보					영업									추정									제보검토중		시딩v2(상가I20303)	I20303 발굴 — 라멘 여부 확인 필요
	초이라멘		서울특별시 종로구 세종대로23길 54				37.571860	126.973308	상가정보					영업									추정									제보검토중		시딩v2(상가I20303)	I20303 발굴 — 라멘 여부 확인 필요
	맵달라멘집		서울특별시 양천구 오목로 55				37.522935	126.844545	상가정보					영업									추정									제보검토중		시딩v2(상가)	
	멘부리	응암점	서울특별시 은평구 응암로20길 3				37.592981	126.918361	상가정보					영업									추정									제보검토중		시딩v2(상가I20303)	I20303 발굴 — 라멘 여부 확인 필요
	히요리라멘		서울특별시 용산구 후암로35길 38				37.549768	126.975896	상가정보					영업									추정									제보검토중		시딩v2(상가I20303)	I20303 발굴 — 라멘 여부 확인 필요
